Index,Actual,Actual_Label,Predicted,Predicted_Label,Correct
1318,1,Sev_2,1,Sev_2,1
9504,1,Sev_2,0,Sev_1,0
7222,3,Sev_4,3,Sev_4,1
5391,1,Sev_2,1,Sev_2,1
9166,1,Sev_2,3,Sev_4,0
8940,3,Sev_4,3,Sev_4,1
3708,3,Sev_4,3,Sev_4,1
3573,1,Sev_2,2,Sev_3,0
683,3,Sev_4,0,Sev_1,0
9037,0,Sev_1,0,Sev_1,1
346,2,Sev_3,2,Sev_3,1
3038,2,Sev_3,2,Sev_3,1
7481,0,Sev_1,0,Sev_1,1
9593,0,Sev_1,0,Sev_1,1
4560,2,Sev_3,2,Sev_3,1
8005,3,Sev_4,3,Sev_4,1
9313,2,Sev_3,0,Sev_1,0
3985,1,Sev_2,3,Sev_4,0
3000,0,Sev_1,0,Sev_1,1
7955,2,Sev_3,2,Sev_3,1
1034,0,Sev_1,0,Sev_1,1
6805,0,Sev_1,1,Sev_2,0
8464,3,Sev_4,3,Sev_4,1
2150,3,Sev_4,1,Sev_2,0
5404,0,Sev_1,0,Sev_1,1
960,3,Sev_4,3,Sev_4,1
623,1,Sev_2,2,Sev_3,0
2586,1,Sev_2,1,Sev_2,1
4934,2,Sev_3,2,Sev_3,1
1981,0,Sev_1,0,Sev_1,1
5491,3,Sev_4,3,Sev_4,1
8578,0,Sev_1,0,Sev_1,1
7047,3,Sev_4,3,Sev_4,1
6014,2,Sev_3,2,Sev_3,1
921,1,Sev_2,3,Sev_4,0
321,3,Sev_4,3,Sev_4,1
908,1,Sev_2,3,Sev_4,0
3,1,Sev_2,1,Sev_2,1
5459,1,Sev_2,1,Sev_2,1
8107,1,Sev_2,3,Sev_4,0
4362,0,Sev_1,0,Sev_1,1
4527,0,Sev_1,0,Sev_1,1
8499,3,Sev_4,3,Sev_4,1
39,1,Sev_2,1,Sev_2,1
970,0,Sev_1,0,Sev_1,1
9395,3,Sev_4,3,Sev_4,1
8100,1,Sev_2,1,Sev_2,1
8026,3,Sev_4,3,Sev_4,1
4896,0,Sev_1,0,Sev_1,1
9199,1,Sev_2,3,Sev_4,0
5478,1,Sev_2,3,Sev_4,0
5816,1,Sev_2,1,Sev_2,1
2423,0,Sev_1,0,Sev_1,1
6217,0,Sev_1,0,Sev_1,1
2970,0,Sev_1,0,Sev_1,1
1770,3,Sev_4,3,Sev_4,1
2876,2,Sev_3,2,Sev_3,1
6795,1,Sev_2,3,Sev_4,0
5909,3,Sev_4,1,Sev_2,0
2531,2,Sev_3,3,Sev_4,0
8124,1,Sev_2,1,Sev_2,1
1056,3,Sev_4,3,Sev_4,1
9389,0,Sev_1,0,Sev_1,1
9117,3,Sev_4,2,Sev_3,0
3037,1,Sev_2,0,Sev_1,0
3064,0,Sev_1,0,Sev_1,1
4587,0,Sev_1,0,Sev_1,1
2441,3,Sev_4,3,Sev_4,1
8367,1,Sev_2,2,Sev_3,0
8040,2,Sev_3,3,Sev_4,0
3320,1,Sev_2,3,Sev_4,0
6659,1,Sev_2,3,Sev_4,0
8072,1,Sev_2,3,Sev_4,0
4640,3,Sev_4,3,Sev_4,1
5505,1,Sev_2,1,Sev_2,1
8809,2,Sev_3,2,Sev_3,1
5129,1,Sev_2,1,Sev_2,1
4698,1,Sev_2,1,Sev_2,1
7377,3,Sev_4,3,Sev_4,1
6384,3,Sev_4,3,Sev_4,1
9133,0,Sev_1,0,Sev_1,1
1793,1,Sev_2,1,Sev_2,1
6155,3,Sev_4,1,Sev_2,0
7597,0,Sev_1,0,Sev_1,1
4428,1,Sev_2,2,Sev_3,0
8047,0,Sev_1,0,Sev_1,1
2620,2,Sev_3,2,Sev_3,1
4755,2,Sev_3,0,Sev_1,0
4233,1,Sev_2,1,Sev_2,1
5011,2,Sev_3,2,Sev_3,1
3482,3,Sev_4,1,Sev_2,0
3165,0,Sev_1,0,Sev_1,1
5710,3,Sev_4,1,Sev_2,0
9263,0,Sev_1,2,Sev_3,0
2249,1,Sev_2,2,Sev_3,0
2485,2,Sev_3,2,Sev_3,1
2847,3,Sev_4,3,Sev_4,1
7585,2,Sev_3,2,Sev_3,1
7759,1,Sev_2,0,Sev_1,0
8153,0,Sev_1,0,Sev_1,1
2075,0,Sev_1,3,Sev_4,0
1496,2,Sev_3,1,Sev_2,0
6111,1,Sev_2,1,Sev_2,1
6051,1,Sev_2,3,Sev_4,0
6839,0,Sev_1,0,Sev_1,1
2420,3,Sev_4,3,Sev_4,1
2245,1,Sev_2,3,Sev_4,0
9096,3,Sev_4,3,Sev_4,1
4660,0,Sev_1,0,Sev_1,1
6875,3,Sev_4,1,Sev_2,0
4288,3,Sev_4,2,Sev_3,0
4048,1,Sev_2,2,Sev_3,0
304,2,Sev_3,2,Sev_3,1
6410,0,Sev_1,2,Sev_3,0
7732,1,Sev_2,1,Sev_2,1
8400,0,Sev_1,0,Sev_1,1
2995,2,Sev_3,2,Sev_3,1
8146,0,Sev_1,0,Sev_1,1
6837,3,Sev_4,3,Sev_4,1
6301,0,Sev_1,0,Sev_1,1
6103,0,Sev_1,0,Sev_1,1
5573,3,Sev_4,1,Sev_2,0
2835,0,Sev_1,0,Sev_1,1
1593,1,Sev_2,1,Sev_2,1
4978,3,Sev_4,1,Sev_2,0
2818,3,Sev_4,3,Sev_4,1
4800,3,Sev_4,3,Sev_4,1
2523,1,Sev_2,2,Sev_3,0
2165,3,Sev_4,2,Sev_3,0
4190,0,Sev_1,0,Sev_1,1
6729,0,Sev_1,0,Sev_1,1
3257,3,Sev_4,1,Sev_2,0
5206,3,Sev_4,3,Sev_4,1
3859,1,Sev_2,0,Sev_1,0
2943,3,Sev_4,3,Sev_4,1
2138,1,Sev_2,3,Sev_4,0
1313,3,Sev_4,3,Sev_4,1
6495,3,Sev_4,3,Sev_4,1
1263,1,Sev_2,1,Sev_2,1
2149,2,Sev_3,2,Sev_3,1
367,3,Sev_4,3,Sev_4,1
7624,1,Sev_2,3,Sev_4,0
4899,1,Sev_2,3,Sev_4,0
6006,3,Sev_4,3,Sev_4,1
3090,3,Sev_4,3,Sev_4,1
6957,3,Sev_4,3,Sev_4,1
5998,3,Sev_4,3,Sev_4,1
29,0,Sev_1,0,Sev_1,1
7569,3,Sev_4,3,Sev_4,1
2954,0,Sev_1,0,Sev_1,1
965,2,Sev_3,3,Sev_4,0
2199,3,Sev_4,1,Sev_2,0
80,3,Sev_4,3,Sev_4,1
1833,0,Sev_1,0,Sev_1,1
6199,1,Sev_2,3,Sev_4,0
1188,2,Sev_3,2,Sev_3,1
1937,1,Sev_2,1,Sev_2,1
733,3,Sev_4,3,Sev_4,1
5982,1,Sev_2,3,Sev_4,0
2328,3,Sev_4,3,Sev_4,1
4328,3,Sev_4,3,Sev_4,1
6365,2,Sev_3,1,Sev_2,0
3520,3,Sev_4,3,Sev_4,1
6173,2,Sev_3,0,Sev_1,0
8089,2,Sev_3,0,Sev_1,0
5436,3,Sev_4,3,Sev_4,1
106,3,Sev_4,3,Sev_4,1
5583,2,Sev_3,1,Sev_2,0
5630,0,Sev_1,0,Sev_1,1
1739,2,Sev_3,3,Sev_4,0
6141,1,Sev_2,1,Sev_2,1
2114,1,Sev_2,1,Sev_2,1
5411,0,Sev_1,0,Sev_1,1
3114,0,Sev_1,0,Sev_1,1
3184,2,Sev_3,2,Sev_3,1
3614,2,Sev_3,2,Sev_3,1
9196,0,Sev_1,0,Sev_1,1
5144,2,Sev_3,2,Sev_3,1
668,3,Sev_4,3,Sev_4,1
9509,1,Sev_2,0,Sev_1,0
7713,2,Sev_3,2,Sev_3,1
416,1,Sev_2,1,Sev_2,1
5162,3,Sev_4,3,Sev_4,1
9082,1,Sev_2,2,Sev_3,0
9251,0,Sev_1,0,Sev_1,1
2072,1,Sev_2,1,Sev_2,1
7376,3,Sev_4,3,Sev_4,1
1662,2,Sev_3,3,Sev_4,0
3887,3,Sev_4,3,Sev_4,1
2900,2,Sev_3,2,Sev_3,1
4762,0,Sev_1,0,Sev_1,1
9377,2,Sev_3,3,Sev_4,0
1731,0,Sev_1,0,Sev_1,1
6711,0,Sev_1,0,Sev_1,1
1084,1,Sev_2,1,Sev_2,1
2302,1,Sev_2,1,Sev_2,1
0,1,Sev_2,3,Sev_4,0
4712,2,Sev_3,2,Sev_3,1
8117,2,Sev_3,2,Sev_3,1
8127,1,Sev_2,1,Sev_2,1
8903,2,Sev_3,2,Sev_3,1
567,2,Sev_3,2,Sev_3,1
1732,0,Sev_1,1,Sev_2,0
1076,3,Sev_4,3,Sev_4,1
6591,0,Sev_1,0,Sev_1,1
7826,1,Sev_2,3,Sev_4,0
1090,0,Sev_1,0,Sev_1,1
8475,2,Sev_3,3,Sev_4,0
4749,0,Sev_1,0,Sev_1,1
1010,1,Sev_2,1,Sev_2,1
8779,3,Sev_4,3,Sev_4,1
3780,1,Sev_2,2,Sev_3,0
4411,1,Sev_2,1,Sev_2,1
4220,1,Sev_2,1,Sev_2,1
9190,1,Sev_2,1,Sev_2,1
5684,2,Sev_3,2,Sev_3,1
1145,3,Sev_4,3,Sev_4,1
5464,3,Sev_4,0,Sev_1,0
1483,0,Sev_1,0,Sev_1,1
7061,2,Sev_3,3,Sev_4,0
6350,1,Sev_2,1,Sev_2,1
7540,2,Sev_3,2,Sev_3,1
9465,2,Sev_3,2,Sev_3,1
7978,2,Sev_3,2,Sev_3,1
7611,1,Sev_2,2,Sev_3,0
1516,0,Sev_1,0,Sev_1,1
6323,2,Sev_3,3,Sev_4,0
1400,1,Sev_2,1,Sev_2,1
6778,2,Sev_3,2,Sev_3,1
3689,2,Sev_3,2,Sev_3,1
2133,2,Sev_3,2,Sev_3,1
1747,3,Sev_4,1,Sev_2,0
8333,0,Sev_1,0,Sev_1,1
7403,1,Sev_2,0,Sev_1,0
6443,3,Sev_4,3,Sev_4,1
9477,3,Sev_4,3,Sev_4,1
1597,0,Sev_1,0,Sev_1,1
1803,2,Sev_3,1,Sev_2,0
9115,2,Sev_3,2,Sev_3,1
251,3,Sev_4,3,Sev_4,1
6820,0,Sev_1,0,Sev_1,1
4950,3,Sev_4,3,Sev_4,1
4002,0,Sev_1,0,Sev_1,1
5180,3,Sev_4,3,Sev_4,1
1626,1,Sev_2,1,Sev_2,1
4751,0,Sev_1,0,Sev_1,1
1297,1,Sev_2,1,Sev_2,1
9589,0,Sev_1,0,Sev_1,1
6463,1,Sev_2,1,Sev_2,1
2651,3,Sev_4,3,Sev_4,1
2164,1,Sev_2,1,Sev_2,1
3470,0,Sev_1,0,Sev_1,1
1245,2,Sev_3,3,Sev_4,0
457,1,Sev_2,3,Sev_4,0
9342,0,Sev_1,0,Sev_1,1
14,2,Sev_3,2,Sev_3,1
3131,0,Sev_1,0,Sev_1,1
4386,2,Sev_3,2,Sev_3,1
5937,0,Sev_1,0,Sev_1,1
2191,1,Sev_2,1,Sev_2,1
4999,3,Sev_4,3,Sev_4,1
5825,3,Sev_4,1,Sev_2,0
8595,2,Sev_3,2,Sev_3,1
9085,3,Sev_4,1,Sev_2,0
971,2,Sev_3,2,Sev_3,1
5737,1,Sev_2,1,Sev_2,1
4056,0,Sev_1,0,Sev_1,1
5484,0,Sev_1,0,Sev_1,1
1103,2,Sev_3,2,Sev_3,1
88,2,Sev_3,1,Sev_2,0
4315,2,Sev_3,2,Sev_3,1
4695,1,Sev_2,3,Sev_4,0
1550,1,Sev_2,2,Sev_3,0
131,1,Sev_2,1,Sev_2,1
4750,0,Sev_1,0,Sev_1,1
5559,0,Sev_1,0,Sev_1,1
1488,3,Sev_4,3,Sev_4,1
5064,3,Sev_4,3,Sev_4,1
2770,1,Sev_2,3,Sev_4,0
7856,0,Sev_1,2,Sev_3,0
518,2,Sev_3,0,Sev_1,0
2692,2,Sev_3,0,Sev_1,0
2807,2,Sev_3,2,Sev_3,1
5768,3,Sev_4,2,Sev_3,0
7118,2,Sev_3,2,Sev_3,1
3205,3,Sev_4,3,Sev_4,1
5253,0,Sev_1,0,Sev_1,1
4680,3,Sev_4,3,Sev_4,1
36,0,Sev_1,0,Sev_1,1
8377,1,Sev_2,1,Sev_2,1
3532,1,Sev_2,1,Sev_2,1
4977,0,Sev_1,0,Sev_1,1
8049,0,Sev_1,0,Sev_1,1
8169,0,Sev_1,0,Sev_1,1
2609,1,Sev_2,2,Sev_3,0
4010,0,Sev_1,0,Sev_1,1
6885,0,Sev_1,0,Sev_1,1
2115,0,Sev_1,0,Sev_1,1
7209,0,Sev_1,0,Sev_1,1
7048,1,Sev_2,1,Sev_2,1
5143,2,Sev_3,2,Sev_3,1
8980,2,Sev_3,2,Sev_3,1
624,0,Sev_1,0,Sev_1,1
4329,0,Sev_1,0,Sev_1,1
1479,1,Sev_2,1,Sev_2,1
3698,3,Sev_4,3,Sev_4,1
7279,1,Sev_2,1,Sev_2,1
7808,2,Sev_3,2,Sev_3,1
2498,0,Sev_1,0,Sev_1,1
2858,3,Sev_4,3,Sev_4,1
3014,3,Sev_4,3,Sev_4,1
3784,0,Sev_1,0,Sev_1,1
6913,0,Sev_1,0,Sev_1,1
2375,0,Sev_1,0,Sev_1,1
2864,0,Sev_1,0,Sev_1,1
765,3,Sev_4,1,Sev_2,0
2701,2,Sev_3,0,Sev_1,0
5356,0,Sev_1,0,Sev_1,1
6889,0,Sev_1,0,Sev_1,1
487,3,Sev_4,1,Sev_2,0
3715,0,Sev_1,0,Sev_1,1
5876,2,Sev_3,2,Sev_3,1
6131,2,Sev_3,2,Sev_3,1
1372,1,Sev_2,1,Sev_2,1
4192,1,Sev_2,1,Sev_2,1
7203,3,Sev_4,1,Sev_2,0
4157,1,Sev_2,1,Sev_2,1
2288,3,Sev_4,3,Sev_4,1
9130,3,Sev_4,3,Sev_4,1
7364,3,Sev_4,3,Sev_4,1
1175,3,Sev_4,3,Sev_4,1
7170,3,Sev_4,1,Sev_2,0
4265,1,Sev_2,1,Sev_2,1
4786,2,Sev_3,2,Sev_3,1
2458,3,Sev_4,1,Sev_2,0
563,3,Sev_4,3,Sev_4,1
8453,3,Sev_4,1,Sev_2,0
9174,2,Sev_3,1,Sev_2,0
3909,2,Sev_3,2,Sev_3,1
2465,0,Sev_1,0,Sev_1,1
4631,2,Sev_3,1,Sev_2,0
1162,3,Sev_4,3,Sev_4,1
5725,0,Sev_1,0,Sev_1,1
3035,2,Sev_3,2,Sev_3,1
7011,3,Sev_4,1,Sev_2,0
7305,0,Sev_1,0,Sev_1,1
23,0,Sev_1,0,Sev_1,1
4807,3,Sev_4,3,Sev_4,1
7589,0,Sev_1,0,Sev_1,1
3656,2,Sev_3,2,Sev_3,1
7702,0,Sev_1,0,Sev_1,1
1665,1,Sev_2,1,Sev_2,1
1220,3,Sev_4,2,Sev_3,0
483,1,Sev_2,2,Sev_3,0
2963,3,Sev_4,3,Sev_4,1
4541,0,Sev_1,0,Sev_1,1
5944,0,Sev_1,0,Sev_1,1
6057,0,Sev_1,0,Sev_1,1
6631,3,Sev_4,1,Sev_2,0
3869,0,Sev_1,0,Sev_1,1
1783,1,Sev_2,3,Sev_4,0
1383,3,Sev_4,3,Sev_4,1
7476,0,Sev_1,0,Sev_1,1
4789,0,Sev_1,0,Sev_1,1
9443,2,Sev_3,2,Sev_3,1
7375,2,Sev_3,3,Sev_4,0
3798,1,Sev_2,1,Sev_2,1
586,1,Sev_2,3,Sev_4,0
6466,2,Sev_3,2,Sev_3,1
592,3,Sev_4,3,Sev_4,1
6187,0,Sev_1,0,Sev_1,1
9478,1,Sev_2,3,Sev_4,0
8736,1,Sev_2,3,Sev_4,0
5466,0,Sev_1,0,Sev_1,1
2592,1,Sev_2,3,Sev_4,0
5286,0,Sev_1,0,Sev_1,1
7187,2,Sev_3,2,Sev_3,1
2373,0,Sev_1,0,Sev_1,1
7139,2,Sev_3,2,Sev_3,1
4817,0,Sev_1,0,Sev_1,1
1623,0,Sev_1,0,Sev_1,1
1472,2,Sev_3,2,Sev_3,1
952,1,Sev_2,3,Sev_4,0
7169,0,Sev_1,0,Sev_1,1
8300,0,Sev_1,0,Sev_1,1
5121,2,Sev_3,2,Sev_3,1
3826,2,Sev_3,1,Sev_2,0
8583,1,Sev_2,3,Sev_4,0
5632,3,Sev_4,1,Sev_2,0
7498,2,Sev_3,2,Sev_3,1
3949,2,Sev_3,3,Sev_4,0
7261,0,Sev_1,0,Sev_1,1
6680,2,Sev_3,2,Sev_3,1
6558,0,Sev_1,0,Sev_1,1
9103,3,Sev_4,3,Sev_4,1
6823,3,Sev_4,3,Sev_4,1
8015,3,Sev_4,3,Sev_4,1
265,0,Sev_1,0,Sev_1,1
4067,3,Sev_4,3,Sev_4,1
8448,2,Sev_3,2,Sev_3,1
7362,0,Sev_1,0,Sev_1,1
6400,0,Sev_1,0,Sev_1,1
9237,2,Sev_3,2,Sev_3,1
590,1,Sev_2,3,Sev_4,0
7749,1,Sev_2,2,Sev_3,0
5506,0,Sev_1,0,Sev_1,1
6601,1,Sev_2,1,Sev_2,1
1688,3,Sev_4,3,Sev_4,1
1087,1,Sev_2,3,Sev_4,0
286,3,Sev_4,3,Sev_4,1
7405,0,Sev_1,0,Sev_1,1
1339,0,Sev_1,0,Sev_1,1
8331,1,Sev_2,1,Sev_2,1
647,1,Sev_2,1,Sev_2,1
169,1,Sev_2,3,Sev_4,0
267,2,Sev_3,2,Sev_3,1
2913,3,Sev_4,1,Sev_2,0
9243,3,Sev_4,3,Sev_4,1
8012,3,Sev_4,0,Sev_1,0
3095,2,Sev_3,2,Sev_3,1
315,0,Sev_1,0,Sev_1,1
6091,2,Sev_3,3,Sev_4,0
7632,3,Sev_4,3,Sev_4,1
4509,1,Sev_2,2,Sev_3,0
245,0,Sev_1,0,Sev_1,1
2275,0,Sev_1,0,Sev_1,1
8688,2,Sev_3,2,Sev_3,1
1617,0,Sev_1,0,Sev_1,1
8419,2,Sev_3,2,Sev_3,1
50,2,Sev_3,2,Sev_3,1
8682,2,Sev_3,1,Sev_2,0
9310,3,Sev_4,3,Sev_4,1
2826,3,Sev_4,3,Sev_4,1
3098,3,Sev_4,3,Sev_4,1
4913,2,Sev_3,2,Sev_3,1
360,1,Sev_2,2,Sev_3,0
8687,3,Sev_4,3,Sev_4,1
6650,2,Sev_3,2,Sev_3,1
5303,0,Sev_1,0,Sev_1,1
3680,1,Sev_2,1,Sev_2,1
3467,1,Sev_2,2,Sev_3,0
7607,3,Sev_4,3,Sev_4,1
7677,3,Sev_4,3,Sev_4,1
7899,2,Sev_3,3,Sev_4,0
4127,2,Sev_3,2,Sev_3,1
7497,0,Sev_1,0,Sev_1,1
9231,0,Sev_1,0,Sev_1,1
3846,1,Sev_2,3,Sev_4,0
3912,1,Sev_2,1,Sev_2,1
7787,1,Sev_2,0,Sev_1,0
1310,3,Sev_4,3,Sev_4,1
4055,0,Sev_1,0,Sev_1,1
2718,3,Sev_4,1,Sev_2,0
6029,3,Sev_4,3,Sev_4,1
6906,2,Sev_3,3,Sev_4,0
3980,1,Sev_2,3,Sev_4,0
1217,2,Sev_3,0,Sev_1,0
6364,2,Sev_3,2,Sev_3,1
9417,0,Sev_1,0,Sev_1,1
447,3,Sev_4,3,Sev_4,1
2129,3,Sev_4,3,Sev_4,1
5660,3,Sev_4,1,Sev_2,0
1199,2,Sev_3,1,Sev_2,0
4718,3,Sev_4,3,Sev_4,1
1718,3,Sev_4,3,Sev_4,1
3314,1,Sev_2,1,Sev_2,1
9494,1,Sev_2,1,Sev_2,1
6071,1,Sev_2,3,Sev_4,0
8336,3,Sev_4,3,Sev_4,1
2252,1,Sev_2,3,Sev_4,0
582,3,Sev_4,3,Sev_4,1
5396,2,Sev_3,0,Sev_1,0
7583,2,Sev_3,3,Sev_4,0
47,2,Sev_3,2,Sev_3,1
2515,2,Sev_3,3,Sev_4,0
856,1,Sev_2,2,Sev_3,0
318,0,Sev_1,0,Sev_1,1
2002,3,Sev_4,3,Sev_4,1
1745,3,Sev_4,3,Sev_4,1
5628,0,Sev_1,2,Sev_3,0
5904,2,Sev_3,2,Sev_3,1
4720,1,Sev_2,2,Sev_3,0
4165,0,Sev_1,0,Sev_1,1
3653,3,Sev_4,3,Sev_4,1
5857,1,Sev_2,1,Sev_2,1
3910,1,Sev_2,1,Sev_2,1
3473,0,Sev_1,0,Sev_1,1
1277,2,Sev_3,2,Sev_3,1
4074,0,Sev_1,0,Sev_1,1
764,1,Sev_2,0,Sev_1,0
5817,0,Sev_1,0,Sev_1,1
6237,2,Sev_3,2,Sev_3,1
7976,2,Sev_3,2,Sev_3,1
4639,3,Sev_4,3,Sev_4,1
4518,1,Sev_2,3,Sev_4,0
9388,2,Sev_3,2,Sev_3,1
6146,2,Sev_3,2,Sev_3,1
9393,2,Sev_3,2,Sev_3,1
9168,2,Sev_3,2,Sev_3,1
8104,1,Sev_2,0,Sev_1,0
3187,0,Sev_1,0,Sev_1,1
274,3,Sev_4,3,Sev_4,1
8774,0,Sev_1,0,Sev_1,1
3745,2,Sev_3,2,Sev_3,1
2214,0,Sev_1,0,Sev_1,1
9035,1,Sev_2,1,Sev_2,1
2982,2,Sev_3,2,Sev_3,1
7742,2,Sev_3,0,Sev_1,0
1426,3,Sev_4,3,Sev_4,1
119,0,Sev_1,0,Sev_1,1
6361,3,Sev_4,3,Sev_4,1
3370,3,Sev_4,3,Sev_4,1
2663,0,Sev_1,0,Sev_1,1
3413,2,Sev_3,0,Sev_1,0
5551,1,Sev_2,1,Sev_2,1
1346,3,Sev_4,3,Sev_4,1
9286,1,Sev_2,1,Sev_2,1
1672,1,Sev_2,1,Sev_2,1
1527,3,Sev_4,3,Sev_4,1
7143,3,Sev_4,3,Sev_4,1
5046,1,Sev_2,3,Sev_4,0
3031,0,Sev_1,0,Sev_1,1
6567,2,Sev_3,2,Sev_3,1
6564,1,Sev_2,2,Sev_3,0
8470,2,Sev_3,2,Sev_3,1
1618,3,Sev_4,3,Sev_4,1
543,1,Sev_2,2,Sev_3,0
2111,3,Sev_4,1,Sev_2,0
8790,0,Sev_1,0,Sev_1,1
8211,1,Sev_2,3,Sev_4,0
474,3,Sev_4,3,Sev_4,1
932,3,Sev_4,3,Sev_4,1
5040,0,Sev_1,0,Sev_1,1
3892,0,Sev_1,0,Sev_1,1
3316,3,Sev_4,3,Sev_4,1
4661,2,Sev_3,2,Sev_3,1
3254,1,Sev_2,1,Sev_2,1
6920,3,Sev_4,1,Sev_2,0
4193,3,Sev_4,3,Sev_4,1
8598,1,Sev_2,1,Sev_2,1
6444,0,Sev_1,2,Sev_3,0
2910,0,Sev_1,0,Sev_1,1
6033,0,Sev_1,0,Sev_1,1
5426,1,Sev_2,0,Sev_1,0
789,2,Sev_3,2,Sev_3,1
5114,2,Sev_3,2,Sev_3,1
1482,2,Sev_3,1,Sev_2,0
6658,0,Sev_1,0,Sev_1,1
782,2,Sev_3,3,Sev_4,0
4248,2,Sev_3,3,Sev_4,0
4333,1,Sev_2,1,Sev_2,1
7739,3,Sev_4,3,Sev_4,1
8138,3,Sev_4,3,Sev_4,1
6386,2,Sev_3,2,Sev_3,1
5616,0,Sev_1,0,Sev_1,1
76,0,Sev_1,0,Sev_1,1
3777,0,Sev_1,0,Sev_1,1
8981,3,Sev_4,3,Sev_4,1
1285,3,Sev_4,3,Sev_4,1
6249,3,Sev_4,2,Sev_3,0
3455,1,Sev_2,3,Sev_4,0
5092,3,Sev_4,3,Sev_4,1
5918,0,Sev_1,0,Sev_1,1
9599,0,Sev_1,0,Sev_1,1
7044,2,Sev_3,2,Sev_3,1
5712,2,Sev_3,3,Sev_4,0
6109,3,Sev_4,3,Sev_4,1
7348,1,Sev_2,1,Sev_2,1
4614,1,Sev_2,1,Sev_2,1
6170,0,Sev_1,0,Sev_1,1
7864,0,Sev_1,0,Sev_1,1
2650,3,Sev_4,3,Sev_4,1
8035,2,Sev_3,3,Sev_4,0
795,0,Sev_1,0,Sev_1,1
5331,0,Sev_1,0,Sev_1,1
1147,2,Sev_3,0,Sev_1,0
9484,1,Sev_2,3,Sev_4,0
1018,1,Sev_2,3,Sev_4,0
4625,2,Sev_3,2,Sev_3,1
5290,1,Sev_2,1,Sev_2,1
4686,1,Sev_2,3,Sev_4,0
3410,3,Sev_4,3,Sev_4,1
1261,0,Sev_1,0,Sev_1,1
8859,3,Sev_4,3,Sev_4,1
8112,0,Sev_1,0,Sev_1,1
6358,2,Sev_3,1,Sev_2,0
6673,1,Sev_2,0,Sev_1,0
93,2,Sev_3,2,Sev_3,1
2453,3,Sev_4,3,Sev_4,1
7359,3,Sev_4,3,Sev_4,1
2771,2,Sev_3,2,Sev_3,1
1513,1,Sev_2,1,Sev_2,1
3128,1,Sev_2,3,Sev_4,0
794,0,Sev_1,0,Sev_1,1
7841,2,Sev_3,2,Sev_3,1
3609,2,Sev_3,2,Sev_3,1
6876,1,Sev_2,3,Sev_4,0
8125,1,Sev_2,3,Sev_4,0
761,1,Sev_2,2,Sev_3,0
4924,3,Sev_4,0,Sev_1,0
2680,3,Sev_4,3,Sev_4,1
4856,2,Sev_3,2,Sev_3,1
9350,0,Sev_1,0,Sev_1,1
7812,0,Sev_1,0,Sev_1,1
4929,1,Sev_2,3,Sev_4,0
1918,0,Sev_1,0,Sev_1,1
7234,1,Sev_2,1,Sev_2,1
2254,1,Sev_2,1,Sev_2,1
9561,1,Sev_2,3,Sev_4,0
6005,1,Sev_2,1,Sev_2,1
2957,1,Sev_2,2,Sev_3,0
4723,3,Sev_4,3,Sev_4,1
2248,3,Sev_4,3,Sev_4,1
7622,0,Sev_1,0,Sev_1,1
8410,2,Sev_3,2,Sev_3,1
5711,2,Sev_3,2,Sev_3,1
2348,0,Sev_1,0,Sev_1,1
2107,0,Sev_1,1,Sev_2,0
1578,1,Sev_2,1,Sev_2,1
4484,3,Sev_4,3,Sev_4,1
1684,0,Sev_1,0,Sev_1,1
2602,0,Sev_1,0,Sev_1,1
6543,2,Sev_3,3,Sev_4,0
107,1,Sev_2,1,Sev_2,1
7707,0,Sev_1,0,Sev_1,1
1071,3,Sev_4,3,Sev_4,1
8561,1,Sev_2,3,Sev_4,0
7972,2,Sev_3,3,Sev_4,0
7071,2,Sev_3,2,Sev_3,1
4907,0,Sev_1,0,Sev_1,1
637,1,Sev_2,2,Sev_3,0
4641,1,Sev_2,2,Sev_3,0
8455,3,Sev_4,3,Sev_4,1
9298,2,Sev_3,3,Sev_4,0
5245,2,Sev_3,2,Sev_3,1
6505,1,Sev_2,1,Sev_2,1
6594,3,Sev_4,1,Sev_2,0
1775,2,Sev_3,2,Sev_3,1
9352,0,Sev_1,0,Sev_1,1
33,3,Sev_4,1,Sev_2,0
4881,0,Sev_1,0,Sev_1,1
3885,3,Sev_4,2,Sev_3,0
1794,2,Sev_3,0,Sev_1,0
8938,1,Sev_2,2,Sev_3,0
330,1,Sev_2,1,Sev_2,1
7919,0,Sev_1,0,Sev_1,1
6794,0,Sev_1,0,Sev_1,1
8254,2,Sev_3,2,Sev_3,1
333,0,Sev_1,0,Sev_1,1
8907,3,Sev_4,0,Sev_1,0
1543,2,Sev_3,1,Sev_2,0
6308,3,Sev_4,3,Sev_4,1
8495,0,Sev_1,0,Sev_1,1
6156,0,Sev_1,0,Sev_1,1
7300,0,Sev_1,0,Sev_1,1
9025,0,Sev_1,0,Sev_1,1
5307,0,Sev_1,0,Sev_1,1
4843,0,Sev_1,0,Sev_1,1
3615,3,Sev_4,3,Sev_4,1
603,2,Sev_3,2,Sev_3,1
500,2,Sev_3,2,Sev_3,1
7480,1,Sev_2,2,Sev_3,0
4756,2,Sev_3,2,Sev_3,1
3060,0,Sev_1,0,Sev_1,1
1123,1,Sev_2,3,Sev_4,0
95,3,Sev_4,3,Sev_4,1
4829,1,Sev_2,1,Sev_2,1
5504,0,Sev_1,0,Sev_1,1
7963,0,Sev_1,0,Sev_1,1
2128,3,Sev_4,1,Sev_2,0
248,3,Sev_4,3,Sev_4,1
6310,1,Sev_2,1,Sev_2,1
7767,0,Sev_1,0,Sev_1,1
1068,1,Sev_2,1,Sev_2,1
9442,0,Sev_1,0,Sev_1,1
1683,0,Sev_1,0,Sev_1,1
2840,1,Sev_2,0,Sev_1,0
3434,0,Sev_1,0,Sev_1,1
1142,3,Sev_4,3,Sev_4,1
3118,1,Sev_2,1,Sev_2,1
5014,3,Sev_4,3,Sev_4,1
2473,2,Sev_3,2,Sev_3,1
2683,1,Sev_2,2,Sev_3,0
5753,0,Sev_1,0,Sev_1,1
2228,2,Sev_3,2,Sev_3,1
4376,0,Sev_1,0,Sev_1,1
7762,2,Sev_3,2,Sev_3,1
2124,1,Sev_2,3,Sev_4,0
4766,0,Sev_1,0,Sev_1,1
4226,3,Sev_4,3,Sev_4,1
5888,1,Sev_2,1,Sev_2,1
2724,0,Sev_1,0,Sev_1,1
3023,3,Sev_4,1,Sev_2,0
1642,1,Sev_2,1,Sev_2,1
4918,1,Sev_2,1,Sev_2,1
6211,1,Sev_2,1,Sev_2,1
2221,1,Sev_2,1,Sev_2,1
4516,0,Sev_1,0,Sev_1,1
9512,2,Sev_3,0,Sev_1,0
6077,3,Sev_4,3,Sev_4,1
144,1,Sev_2,1,Sev_2,1
9479,0,Sev_1,0,Sev_1,1
19,3,Sev_4,3,Sev_4,1
1530,3,Sev_4,3,Sev_4,1
958,0,Sev_1,0,Sev_1,1
7510,1,Sev_2,2,Sev_3,0
6607,2,Sev_3,2,Sev_3,1
8320,2,Sev_3,3,Sev_4,0
1569,0,Sev_1,0,Sev_1,1
7882,3,Sev_4,3,Sev_4,1
4246,1,Sev_2,1,Sev_2,1
7862,1,Sev_2,1,Sev_2,1
4239,1,Sev_2,2,Sev_3,0
6958,3,Sev_4,1,Sev_2,0
3057,0,Sev_1,0,Sev_1,1
1616,1,Sev_2,1,Sev_2,1
6621,3,Sev_4,3,Sev_4,1
4562,0,Sev_1,0,Sev_1,1
5981,1,Sev_2,1,Sev_2,1
7820,2,Sev_3,0,Sev_1,0
2907,0,Sev_1,0,Sev_1,1
9044,0,Sev_1,0,Sev_1,1
381,1,Sev_2,3,Sev_4,0
6761,1,Sev_2,1,Sev_2,1
4028,3,Sev_4,1,Sev_2,0
7942,2,Sev_3,2,Sev_3,1
2960,0,Sev_1,0,Sev_1,1
108,1,Sev_2,2,Sev_3,0
9188,1,Sev_2,2,Sev_3,0
3002,1,Sev_2,1,Sev_2,1
2906,1,Sev_2,1,Sev_2,1
7902,2,Sev_3,2,Sev_3,1
5550,3,Sev_4,3,Sev_4,1
2392,2,Sev_3,2,Sev_3,1
1785,1,Sev_2,2,Sev_3,0
5517,2,Sev_3,2,Sev_3,1
1183,1,Sev_2,2,Sev_3,0
7685,2,Sev_3,2,Sev_3,1
388,1,Sev_2,3,Sev_4,0
8298,2,Sev_3,2,Sev_3,1
5440,3,Sev_4,3,Sev_4,1
7625,2,Sev_3,0,Sev_1,0
9181,1,Sev_2,1,Sev_2,1
620,1,Sev_2,1,Sev_2,1
6706,1,Sev_2,1,Sev_2,1
1328,2,Sev_3,0,Sev_1,0
2167,2,Sev_3,3,Sev_4,0
2029,2,Sev_3,2,Sev_3,1
7740,2,Sev_3,2,Sev_3,1
7028,3,Sev_4,3,Sev_4,1
2183,3,Sev_4,3,Sev_4,1
9363,0,Sev_1,0,Sev_1,1
3352,1,Sev_2,2,Sev_3,0
8003,1,Sev_2,0,Sev_1,0
1965,2,Sev_3,2,Sev_3,1
4447,0,Sev_1,0,Sev_1,1
2232,3,Sev_4,3,Sev_4,1
743,1,Sev_2,1,Sev_2,1
222,2,Sev_3,2,Sev_3,1
7582,0,Sev_1,0,Sev_1,1
3933,1,Sev_2,2,Sev_3,0
9346,3,Sev_4,3,Sev_4,1
7204,0,Sev_1,0,Sev_1,1
3837,0,Sev_1,0,Sev_1,1
8151,1,Sev_2,3,Sev_4,0
4502,1,Sev_2,3,Sev_4,0
2109,3,Sev_4,3,Sev_4,1
4983,1,Sev_2,1,Sev_2,1
6926,0,Sev_1,0,Sev_1,1
6309,3,Sev_4,3,Sev_4,1
7515,2,Sev_3,3,Sev_4,0
9341,2,Sev_3,2,Sev_3,1
2664,3,Sev_4,1,Sev_2,0
4284,1,Sev_2,2,Sev_3,0
353,1,Sev_2,2,Sev_3,0
1247,0,Sev_1,0,Sev_1,1
3666,1,Sev_2,1,Sev_2,1
6167,1,Sev_2,1,Sev_2,1
5697,2,Sev_3,2,Sev_3,1
4808,0,Sev_1,0,Sev_1,1
2213,1,Sev_2,1,Sev_2,1
5869,0,Sev_1,0,Sev_1,1
4382,1,Sev_2,1,Sev_2,1
5605,1,Sev_2,3,Sev_4,0
9525,3,Sev_4,1,Sev_2,0
7795,3,Sev_4,1,Sev_2,0
1373,1,Sev_2,1,Sev_2,1
8532,1,Sev_2,3,Sev_4,0
92,1,Sev_2,1,Sev_2,1
6452,1,Sev_2,3,Sev_4,0
7257,3,Sev_4,1,Sev_2,0
5931,0,Sev_1,3,Sev_4,0
4936,0,Sev_1,0,Sev_1,1
8351,0,Sev_1,0,Sev_1,1
9004,3,Sev_4,3,Sev_4,1
6648,2,Sev_3,0,Sev_1,0
5019,1,Sev_2,1,Sev_2,1
3621,3,Sev_4,3,Sev_4,1
1111,1,Sev_2,1,Sev_2,1
7750,0,Sev_1,1,Sev_2,0
8984,3,Sev_4,3,Sev_4,1
3206,2,Sev_3,0,Sev_1,0
5739,1,Sev_2,2,Sev_3,0
4250,3,Sev_4,3,Sev_4,1
9458,2,Sev_3,2,Sev_3,1
8972,0,Sev_1,0,Sev_1,1
4374,3,Sev_4,3,Sev_4,1
8592,3,Sev_4,3,Sev_4,1
5646,1,Sev_2,1,Sev_2,1
5758,3,Sev_4,3,Sev_4,1
4618,0,Sev_1,0,Sev_1,1
4366,1,Sev_2,1,Sev_2,1
7932,0,Sev_1,0,Sev_1,1
7542,2,Sev_3,1,Sev_2,0
10,2,Sev_3,2,Sev_3,1
3143,3,Sev_4,3,Sev_4,1
8853,0,Sev_1,0,Sev_1,1
7248,3,Sev_4,1,Sev_2,0
4071,0,Sev_1,0,Sev_1,1
7635,3,Sev_4,3,Sev_4,1
4974,1,Sev_2,1,Sev_2,1
2018,3,Sev_4,1,Sev_2,0
8724,2,Sev_3,1,Sev_2,0
7822,3,Sev_4,2,Sev_3,0
7210,2,Sev_3,2,Sev_3,1
4189,2,Sev_3,0,Sev_1,0
9486,0,Sev_1,0,Sev_1,1
1671,0,Sev_1,0,Sev_1,1
5473,2,Sev_3,2,Sev_3,1
8179,3,Sev_4,2,Sev_3,0
4779,1,Sev_2,3,Sev_4,0
2885,3,Sev_4,3,Sev_4,1
2417,1,Sev_2,1,Sev_2,1
5379,1,Sev_2,3,Sev_4,0
7866,3,Sev_4,3,Sev_4,1
3438,0,Sev_1,0,Sev_1,1
7782,3,Sev_4,3,Sev_4,1
2588,3,Sev_4,3,Sev_4,1
5006,1,Sev_2,3,Sev_4,0
9585,0,Sev_1,0,Sev_1,1
7609,0,Sev_1,0,Sev_1,1
6464,2,Sev_3,2,Sev_3,1
3126,2,Sev_3,2,Sev_3,1
6351,1,Sev_2,2,Sev_3,0
4147,1,Sev_2,1,Sev_2,1
4463,1,Sev_2,1,Sev_2,1
1020,2,Sev_3,0,Sev_1,0
4747,1,Sev_2,1,Sev_2,1
8558,3,Sev_4,0,Sev_1,0
747,0,Sev_1,0,Sev_1,1
9324,2,Sev_3,2,Sev_3,1
2726,2,Sev_3,2,Sev_3,1
7816,1,Sev_2,3,Sev_4,0
8365,3,Sev_4,3,Sev_4,1
5529,2,Sev_3,0,Sev_1,0
2407,0,Sev_1,0,Sev_1,1
8266,3,Sev_4,3,Sev_4,1
135,3,Sev_4,3,Sev_4,1
9565,2,Sev_3,3,Sev_4,0
3166,2,Sev_3,2,Sev_3,1
6380,0,Sev_1,0,Sev_1,1
8602,3,Sev_4,1,Sev_2,0
2168,0,Sev_1,0,Sev_1,1
8364,0,Sev_1,0,Sev_1,1
4696,2,Sev_3,2,Sev_3,1
3872,1,Sev_2,1,Sev_2,1
5157,2,Sev_3,2,Sev_3,1
6243,1,Sev_2,1,Sev_2,1
7821,1,Sev_2,2,Sev_3,0
2098,0,Sev_1,0,Sev_1,1
2083,3,Sev_4,2,Sev_3,0
763,0,Sev_1,0,Sev_1,1
7825,2,Sev_3,2,Sev_3,1
8997,3,Sev_4,3,Sev_4,1
9337,0,Sev_1,0,Sev_1,1
1180,3,Sev_4,3,Sev_4,1
5434,0,Sev_1,0,Sev_1,1
4483,0,Sev_1,0,Sev_1,1
8969,1,Sev_2,1,Sev_2,1
5554,1,Sev_2,1,Sev_2,1
7093,1,Sev_2,3,Sev_4,0
8918,1,Sev_2,1,Sev_2,1
7349,1,Sev_2,1,Sev_2,1
7911,3,Sev_4,1,Sev_2,0
6942,2,Sev_3,0,Sev_1,0
5756,2,Sev_3,2,Sev_3,1
4050,2,Sev_3,2,Sev_3,1
6846,2,Sev_3,2,Sev_3,1
8116,0,Sev_1,0,Sev_1,1
3307,2,Sev_3,2,Sev_3,1
708,2,Sev_3,2,Sev_3,1
3902,1,Sev_2,1,Sev_2,1
1446,1,Sev_2,3,Sev_4,0
509,2,Sev_3,2,Sev_3,1
4955,1,Sev_2,1,Sev_2,1
6878,1,Sev_2,2,Sev_3,0
8715,2,Sev_3,3,Sev_4,0
6419,1,Sev_2,3,Sev_4,0
1840,2,Sev_3,0,Sev_1,0
7925,1,Sev_2,3,Sev_4,0
9116,1,Sev_2,1,Sev_2,1
103,1,Sev_2,1,Sev_2,1
3720,2,Sev_3,0,Sev_1,0
6912,0,Sev_1,0,Sev_1,1
6092,2,Sev_3,2,Sev_3,1
3209,0,Sev_1,0,Sev_1,1
8103,3,Sev_4,3,Sev_4,1
8734,3,Sev_4,3,Sev_4,1
1046,3,Sev_4,1,Sev_2,0
6405,2,Sev_3,2,Sev_3,1
711,0,Sev_1,3,Sev_4,0
9462,3,Sev_4,3,Sev_4,1
6977,2,Sev_3,2,Sev_3,1
2874,3,Sev_4,3,Sev_4,1
8149,2,Sev_3,3,Sev_4,0
6393,3,Sev_4,1,Sev_2,0
1941,1,Sev_2,1,Sev_2,1
3891,2,Sev_3,3,Sev_4,0
2175,0,Sev_1,0,Sev_1,1
712,1,Sev_2,1,Sev_2,1
1888,1,Sev_2,1,Sev_2,1
4245,3,Sev_4,3,Sev_4,1
6739,3,Sev_4,3,Sev_4,1
5153,2,Sev_3,2,Sev_3,1
1730,0,Sev_1,0,Sev_1,1
7304,1,Sev_2,3,Sev_4,0
3677,3,Sev_4,3,Sev_4,1
8582,1,Sev_2,1,Sev_2,1
3624,1,Sev_2,0,Sev_1,0
5419,0,Sev_1,0,Sev_1,1
1791,1,Sev_2,1,Sev_2,1
2883,2,Sev_3,2,Sev_3,1
5067,2,Sev_3,1,Sev_2,0
9092,2,Sev_3,2,Sev_3,1
2094,3,Sev_4,3,Sev_4,1
4466,3,Sev_4,0,Sev_1,0
8087,3,Sev_4,3,Sev_4,1
4111,2,Sev_3,2,Sev_3,1
8444,1,Sev_2,1,Sev_2,1
4001,1,Sev_2,2,Sev_3,0
7656,3,Sev_4,1,Sev_2,0
5338,3,Sev_4,3,Sev_4,1
3772,2,Sev_3,2,Sev_3,1
4938,1,Sev_2,3,Sev_4,0
212,2,Sev_3,3,Sev_4,0
5916,0,Sev_1,0,Sev_1,1
5707,1,Sev_2,1,Sev_2,1
5026,2,Sev_3,2,Sev_3,1
323,2,Sev_3,2,Sev_3,1
6708,0,Sev_1,0,Sev_1,1
6695,3,Sev_4,3,Sev_4,1
1470,0,Sev_1,0,Sev_1,1
4685,3,Sev_4,3,Sev_4,1
4030,3,Sev_4,1,Sev_2,0
7839,3,Sev_4,3,Sev_4,1
2122,3,Sev_4,3,Sev_4,1
3181,1,Sev_2,1,Sev_2,1
5721,1,Sev_2,1,Sev_2,1
3995,3,Sev_4,3,Sev_4,1
7600,0,Sev_1,0,Sev_1,1
4341,2,Sev_3,3,Sev_4,0
7799,2,Sev_3,0,Sev_1,0
4262,3,Sev_4,3,Sev_4,1
6108,1,Sev_2,2,Sev_3,0
2057,0,Sev_1,0,Sev_1,1
8461,3,Sev_4,3,Sev_4,1
8818,3,Sev_4,1,Sev_2,0
6412,1,Sev_2,1,Sev_2,1
9278,2,Sev_3,2,Sev_3,1
8449,0,Sev_1,0,Sev_1,1
1078,0,Sev_1,0,Sev_1,1
1726,3,Sev_4,3,Sev_4,1
7991,3,Sev_4,3,Sev_4,1
7226,1,Sev_2,2,Sev_3,0
7628,3,Sev_4,1,Sev_2,0
8344,3,Sev_4,0,Sev_1,0
1393,1,Sev_2,1,Sev_2,1
700,0,Sev_1,1,Sev_2,0
2337,3,Sev_4,3,Sev_4,1
774,3,Sev_4,3,Sev_4,1
1224,3,Sev_4,3,Sev_4,1
8948,0,Sev_1,0,Sev_1,1
871,3,Sev_4,3,Sev_4,1
906,0,Sev_1,1,Sev_2,0
2833,0,Sev_1,0,Sev_1,1
239,1,Sev_2,3,Sev_4,0
6072,3,Sev_4,3,Sev_4,1
3418,1,Sev_2,1,Sev_2,1
5324,0,Sev_1,0,Sev_1,1
6163,2,Sev_3,2,Sev_3,1
1919,2,Sev_3,2,Sev_3,1
4113,1,Sev_2,1,Sev_2,1
8961,2,Sev_3,2,Sev_3,1
7094,2,Sev_3,2,Sev_3,1
7445,0,Sev_1,0,Sev_1,1
5272,2,Sev_3,2,Sev_3,1
8224,2,Sev_3,2,Sev_3,1
408,2,Sev_3,2,Sev_3,1
5171,0,Sev_1,0,Sev_1,1
4080,1,Sev_2,2,Sev_3,0
