Index,Actual,Actual_Label,Predicted,Predicted_Label,Prob_HIGH,Correct
1318,1,HIGH,1,HIGH,0.8162,1
9504,0,LOW,0,LOW,0.3333,1
7222,0,LOW,0,LOW,0.4267,1
5391,0,LOW,0,LOW,0.2003,1
9166,0,LOW,0,LOW,0.068,1
8940,0,LOW,0,LOW,0.213,1
3708,1,HIGH,0,LOW,0.4927,0
3573,0,LOW,0,LOW,0.0341,1
683,0,LOW,1,HIGH,0.8239,0
9037,0,LOW,0,LOW,0.0656,1
346,1,HIGH,1,HIGH,0.6467,1
3038,0,LOW,1,HIGH,0.6169,0
7481,0,LOW,0,LOW,0.0391,1
9593,1,HIGH,1,HIGH,0.787,1
4560,1,HIGH,1,HIGH,0.7911,1
8005,1,HIGH,1,HIGH,0.7775,1
9313,1,HIGH,0,LOW,0.3879,0
3985,1,HIGH,1,HIGH,0.8473,1
3000,1,HIGH,1,HIGH,0.9615,1
7955,1,HIGH,0,LOW,0.0541,0
1034,1,HIGH,1,HIGH,0.881,1
6805,0,LOW,0,LOW,0.3346,1
8464,1,HIGH,1,HIGH,0.9529,1
2150,1,HIGH,1,HIGH,0.7097,1
5404,1,HIGH,1,HIGH,0.8298,1
960,1,HIGH,1,HIGH,0.7869,1
623,1,HIGH,1,HIGH,0.6674,1
2586,0,LOW,1,HIGH,0.5026,0
4934,1,HIGH,1,HIGH,0.9815,1
1981,1,HIGH,1,HIGH,0.9116,1
5491,0,LOW,1,HIGH,0.6143,0
8578,0,LOW,0,LOW,0.0135,1
7047,0,LOW,1,HIGH,0.6151,0
6014,0,LOW,0,LOW,0.2061,1
921,0,LOW,0,LOW,0.0106,1
321,1,HIGH,0,LOW,0.4726,0
908,0,LOW,0,LOW,0.0724,1
3,0,LOW,1,HIGH,0.9124,0
5459,1,HIGH,0,LOW,0.2848,0
8107,1,HIGH,1,HIGH,0.5903,1
4362,1,HIGH,1,HIGH,0.5496,1
4527,1,HIGH,1,HIGH,0.5879,1
8499,1,HIGH,0,LOW,0.2956,0
39,0,LOW,0,LOW,0.2655,1
970,1,HIGH,1,HIGH,0.6226,1
9395,0,LOW,1,HIGH,0.7585,0
8100,1,HIGH,1,HIGH,0.8746,1
8026,1,HIGH,1,HIGH,0.5721,1
4896,0,LOW,0,LOW,0.1042,1
9199,0,LOW,0,LOW,0.2264,1
5478,0,LOW,0,LOW,0.0127,1
5816,1,HIGH,1,HIGH,0.5003,1
2423,1,HIGH,1,HIGH,0.9504,1
6217,1,HIGH,0,LOW,0.3864,0
2970,0,LOW,0,LOW,0.4925,1
1770,0,LOW,0,LOW,0.0811,1
2876,1,HIGH,0,LOW,0.2758,0
6795,0,LOW,0,LOW,0.0475,1
5909,0,LOW,1,HIGH,0.6969,0
2531,1,HIGH,1,HIGH,0.6534,1
8124,1,HIGH,1,HIGH,0.9562,1
1056,1,HIGH,1,HIGH,0.7123,1
9389,0,LOW,1,HIGH,0.6426,0
9117,0,LOW,0,LOW,0.3193,1
3037,1,HIGH,1,HIGH,0.6907,1
3064,0,LOW,0,LOW,0.4903,1
4587,1,HIGH,1,HIGH,0.6576,1
2441,1,HIGH,0,LOW,0.3314,0
8367,0,LOW,1,HIGH,0.7117,0
8040,1,HIGH,1,HIGH,0.8254,1
3320,0,LOW,0,LOW,0.0397,1
6659,1,HIGH,1,HIGH,0.7786,1
8072,0,LOW,0,LOW,0.4904,1
4640,1,HIGH,1,HIGH,0.89,1
5505,0,LOW,0,LOW,0.1401,1
8809,1,HIGH,0,LOW,0.319,0
5129,1,HIGH,1,HIGH,0.56,1
4698,1,HIGH,0,LOW,0.4432,0
7377,1,HIGH,1,HIGH,0.9675,1
6384,0,LOW,0,LOW,0.264,1
9133,0,LOW,1,HIGH,0.5212,0
1793,0,LOW,0,LOW,0.2536,1
6155,0,LOW,0,LOW,0.0339,1
7597,1,HIGH,1,HIGH,0.692,1
4428,0,LOW,1,HIGH,0.7121,0
8047,0,LOW,1,HIGH,0.6041,0
2620,1,HIGH,1,HIGH,0.6632,1
4755,0,LOW,0,LOW,0.071,1
4233,1,HIGH,1,HIGH,0.812,1
5011,1,HIGH,1,HIGH,0.9334,1
3482,1,HIGH,0,LOW,0.4904,0
3165,0,LOW,0,LOW,0.1468,1
5710,0,LOW,1,HIGH,0.6724,0
9263,1,HIGH,1,HIGH,0.8468,1
2249,1,HIGH,1,HIGH,0.9703,1
2485,1,HIGH,1,HIGH,0.6228,1
2847,0,LOW,1,HIGH,0.6319,0
7585,0,LOW,0,LOW,0.2206,1
7759,0,LOW,0,LOW,0.0208,1
8153,0,LOW,0,LOW,0.2488,1
2075,0,LOW,1,HIGH,0.7061,0
1496,1,HIGH,1,HIGH,0.8694,1
6111,0,LOW,0,LOW,0.4252,1
6051,0,LOW,0,LOW,0.0525,1
6839,1,HIGH,1,HIGH,0.9451,1
2420,1,HIGH,1,HIGH,0.9174,1
2245,0,LOW,0,LOW,0.256,1
9096,0,LOW,0,LOW,0.1642,1
4660,1,HIGH,1,HIGH,0.8751,1
6875,1,HIGH,1,HIGH,0.6474,1
4288,1,HIGH,1,HIGH,0.7272,1
4048,0,LOW,0,LOW,0.0746,1
304,1,HIGH,1,HIGH,0.961,1
6410,0,LOW,1,HIGH,0.9765,0
7732,0,LOW,0,LOW,0.0121,1
8400,1,HIGH,1,HIGH,0.7253,1
2995,0,LOW,0,LOW,0.4778,1
8146,1,HIGH,1,HIGH,0.583,1
6837,1,HIGH,1,HIGH,0.7245,1
6301,1,HIGH,0,LOW,0.25,0
6103,0,LOW,0,LOW,0.3835,1
5573,0,LOW,1,HIGH,0.5482,0
2835,1,HIGH,1,HIGH,0.7342,1
1593,1,HIGH,1,HIGH,0.7699,1
4978,1,HIGH,1,HIGH,0.8147,1
2818,1,HIGH,0,LOW,0.256,0
4800,1,HIGH,1,HIGH,0.7338,1
2523,1,HIGH,0,LOW,0.0629,0
2165,0,LOW,0,LOW,0.4163,1
4190,0,LOW,0,LOW,0.0246,1
6729,1,HIGH,1,HIGH,0.6889,1
3257,1,HIGH,0,LOW,0.3537,0
5206,1,HIGH,1,HIGH,0.945,1
3859,0,LOW,0,LOW,0.0177,1
2943,0,LOW,1,HIGH,0.6474,0
2138,0,LOW,0,LOW,0.0927,1
1313,0,LOW,1,HIGH,0.6035,0
6495,0,LOW,0,LOW,0.0137,1
1263,0,LOW,0,LOW,0.0103,1
2149,1,HIGH,1,HIGH,0.6798,1
367,1,HIGH,1,HIGH,0.8739,1
7624,1,HIGH,1,HIGH,0.8756,1
4899,1,HIGH,0,LOW,0.3833,0
6006,0,LOW,0,LOW,0.0063,1
3090,0,LOW,1,HIGH,0.5828,0
6957,1,HIGH,1,HIGH,0.7609,1
5998,0,LOW,0,LOW,0.1456,1
29,1,HIGH,0,LOW,0.3643,0
7569,0,LOW,0,LOW,0.0137,1
2954,1,HIGH,1,HIGH,0.9511,1
965,1,HIGH,0,LOW,0.208,0
2199,0,LOW,1,HIGH,0.6307,0
80,1,HIGH,1,HIGH,0.8891,1
1833,0,LOW,0,LOW,0.0699,1
6199,1,HIGH,1,HIGH,0.9223,1
1188,0,LOW,0,LOW,0.3454,1
1937,1,HIGH,1,HIGH,0.748,1
733,0,LOW,0,LOW,0.3851,1
5982,0,LOW,0,LOW,0.0997,1
2328,0,LOW,1,HIGH,0.5486,0
4328,1,HIGH,0,LOW,0.3809,0
6365,1,HIGH,1,HIGH,0.5423,1
3520,0,LOW,0,LOW,0.3686,1
6173,1,HIGH,1,HIGH,0.9594,1
8089,1,HIGH,1,HIGH,0.9242,1
5436,0,LOW,1,HIGH,0.7172,0
106,0,LOW,0,LOW,0.4452,1
5583,0,LOW,0,LOW,0.2243,1
5630,0,LOW,0,LOW,0.275,1
1739,0,LOW,1,HIGH,0.6232,0
6141,1,HIGH,1,HIGH,0.936,1
2114,0,LOW,0,LOW,0.0165,1
5411,0,LOW,0,LOW,0.1148,1
3114,1,HIGH,1,HIGH,0.6566,1
3184,0,LOW,0,LOW,0.1925,1
3614,1,HIGH,0,LOW,0.2377,0
9196,0,LOW,0,LOW,0.1573,1
5144,1,HIGH,1,HIGH,0.8826,1
668,1,HIGH,0,LOW,0.2979,0
9509,0,LOW,0,LOW,0.3736,1
7713,0,LOW,0,LOW,0.0882,1
416,1,HIGH,1,HIGH,0.7828,1
5162,0,LOW,0,LOW,0.2892,1
9082,1,HIGH,1,HIGH,0.7019,1
9251,1,HIGH,1,HIGH,0.9394,1
2072,0,LOW,0,LOW,0.0388,1
7376,1,HIGH,0,LOW,0.323,0
1662,1,HIGH,0,LOW,0.4149,0
3887,0,LOW,0,LOW,0.0528,1
2900,1,HIGH,1,HIGH,0.9445,1
4762,1,HIGH,1,HIGH,0.8156,1
9377,1,HIGH,0,LOW,0.3194,0
1731,1,HIGH,1,HIGH,0.5745,1
6711,0,LOW,0,LOW,0.3458,1
1084,0,LOW,0,LOW,0.0638,1
2302,0,LOW,1,HIGH,0.6539,0
0,1,HIGH,1,HIGH,0.9643,1
4712,0,LOW,0,LOW,0.2295,1
8117,1,HIGH,1,HIGH,0.6017,1
8127,0,LOW,0,LOW,0.2498,1
8903,0,LOW,0,LOW,0.0116,1
567,0,LOW,1,HIGH,0.6868,0
1732,0,LOW,0,LOW,0.0227,1
1076,0,LOW,0,LOW,0.3238,1
6591,1,HIGH,1,HIGH,0.8095,1
7826,1,HIGH,0,LOW,0.2075,0
1090,0,LOW,0,LOW,0.4434,1
8475,1,HIGH,1,HIGH,0.733,1
4749,0,LOW,0,LOW,0.2442,1
1010,0,LOW,0,LOW,0.2028,1
8779,1,HIGH,1,HIGH,0.8609,1
3780,1,HIGH,1,HIGH,0.9919,1
4411,1,HIGH,1,HIGH,0.6325,1
4220,0,LOW,0,LOW,0.0133,1
9190,1,HIGH,1,HIGH,0.8051,1
5684,1,HIGH,0,LOW,0.089,0
1145,0,LOW,0,LOW,0.0087,1
5464,1,HIGH,1,HIGH,0.6825,1
1483,0,LOW,1,HIGH,0.6923,0
7061,0,LOW,0,LOW,0.4987,1
6350,0,LOW,1,HIGH,0.7327,0
7540,1,HIGH,0,LOW,0.3673,0
9465,1,HIGH,1,HIGH,0.794,1
7978,0,LOW,0,LOW,0.1061,1
7611,1,HIGH,1,HIGH,0.7925,1
1516,1,HIGH,1,HIGH,0.635,1
6323,1,HIGH,1,HIGH,0.7523,1
1400,0,LOW,0,LOW,0.183,1
6778,0,LOW,0,LOW,0.2299,1
3689,1,HIGH,1,HIGH,0.6438,1
2133,1,HIGH,0,LOW,0.4234,0
1747,1,HIGH,0,LOW,0.3829,0
8333,0,LOW,0,LOW,0.02,1
7403,0,LOW,0,LOW,0.2222,1
6443,0,LOW,0,LOW,0.0513,1
9477,1,HIGH,1,HIGH,0.7804,1
1597,0,LOW,1,HIGH,0.6267,0
1803,1,HIGH,1,HIGH,0.7113,1
9115,0,LOW,0,LOW,0.0368,1
251,0,LOW,1,HIGH,0.8817,0
6820,0,LOW,0,LOW,0.2589,1
4950,0,LOW,0,LOW,0.2335,1
4002,0,LOW,0,LOW,0.0862,1
5180,0,LOW,0,LOW,0.038,1
1626,1,HIGH,1,HIGH,0.8568,1
4751,1,HIGH,1,HIGH,0.8067,1
1297,1,HIGH,1,HIGH,0.517,1
9589,0,LOW,1,HIGH,0.6071,0
6463,0,LOW,0,LOW,0.1724,1
2651,1,HIGH,1,HIGH,0.8033,1
2164,1,HIGH,1,HIGH,0.7842,1
3470,0,LOW,0,LOW,0.0554,1
1245,0,LOW,0,LOW,0.0421,1
457,0,LOW,0,LOW,0.0583,1
9342,1,HIGH,1,HIGH,0.8771,1
14,0,LOW,1,HIGH,0.5536,0
3131,0,LOW,0,LOW,0.3845,1
4386,0,LOW,1,HIGH,0.7403,0
5937,0,LOW,0,LOW,0.4282,1
2191,1,HIGH,1,HIGH,0.8754,1
4999,1,HIGH,1,HIGH,0.8536,1
5825,0,LOW,0,LOW,0.3328,1
8595,0,LOW,0,LOW,0.3766,1
9085,1,HIGH,1,HIGH,0.8601,1
971,0,LOW,0,LOW,0.0086,1
5737,0,LOW,0,LOW,0.4486,1
4056,0,LOW,0,LOW,0.2329,1
5484,1,HIGH,0,LOW,0.3566,0
1103,1,HIGH,1,HIGH,0.9309,1
88,1,HIGH,1,HIGH,0.7163,1
4315,0,LOW,0,LOW,0.3822,1
4695,1,HIGH,0,LOW,0.3912,0
1550,0,LOW,1,HIGH,0.5196,0
131,1,HIGH,1,HIGH,0.5259,1
4750,0,LOW,0,LOW,0.1431,1
5559,1,HIGH,1,HIGH,0.7237,1
1488,1,HIGH,0,LOW,0.4308,0
5064,1,HIGH,1,HIGH,0.656,1
2770,0,LOW,0,LOW,0.0599,1
7856,0,LOW,0,LOW,0.077,1
518,1,HIGH,1,HIGH,0.7832,1
2692,1,HIGH,0,LOW,0.1545,0
2807,0,LOW,0,LOW,0.2582,1
5768,1,HIGH,1,HIGH,0.9559,1
7118,1,HIGH,1,HIGH,0.589,1
3205,1,HIGH,1,HIGH,0.9314,1
5253,1,HIGH,1,HIGH,0.9107,1
4680,1,HIGH,1,HIGH,0.7582,1
36,1,HIGH,1,HIGH,0.9154,1
8377,1,HIGH,1,HIGH,0.8483,1
3532,0,LOW,0,LOW,0.2034,1
4977,0,LOW,1,HIGH,0.6891,0
8049,0,LOW,1,HIGH,0.6495,0
8169,1,HIGH,1,HIGH,0.9261,1
2609,1,HIGH,1,HIGH,0.8718,1
4010,1,HIGH,1,HIGH,0.7682,1
6885,1,HIGH,1,HIGH,0.6541,1
2115,0,LOW,1,HIGH,0.8795,0
7209,0,LOW,0,LOW,0.0754,1
7048,1,HIGH,1,HIGH,0.7464,1
5143,1,HIGH,1,HIGH,0.8013,1
8980,1,HIGH,1,HIGH,0.7193,1
624,1,HIGH,0,LOW,0.3681,0
4329,0,LOW,0,LOW,0.0205,1
1479,1,HIGH,0,LOW,0.414,0
3698,1,HIGH,1,HIGH,0.8467,1
7279,1,HIGH,1,HIGH,0.6567,1
7808,1,HIGH,1,HIGH,0.9777,1
2498,1,HIGH,0,LOW,0.3066,0
2858,0,LOW,0,LOW,0.0388,1
3014,0,LOW,0,LOW,0.3375,1
3784,1,HIGH,1,HIGH,0.8022,1
6913,1,HIGH,1,HIGH,0.717,1
2375,1,HIGH,1,HIGH,0.9737,1
2864,1,HIGH,0,LOW,0.496,0
765,1,HIGH,1,HIGH,0.8867,1
2701,0,LOW,0,LOW,0.0688,1
5356,1,HIGH,1,HIGH,0.7158,1
6889,1,HIGH,0,LOW,0.1576,0
487,1,HIGH,0,LOW,0.045,0
3715,1,HIGH,1,HIGH,0.9703,1
5876,1,HIGH,1,HIGH,0.7909,1
6131,1,HIGH,1,HIGH,0.6464,1
1372,1,HIGH,0,LOW,0.3029,0
4192,1,HIGH,1,HIGH,0.8421,1
7203,1,HIGH,0,LOW,0.1651,0
4157,1,HIGH,1,HIGH,0.8775,1
2288,0,LOW,0,LOW,0.06,1
9130,0,LOW,1,HIGH,0.8239,0
7364,0,LOW,0,LOW,0.015,1
1175,0,LOW,1,HIGH,0.6338,0
7170,0,LOW,0,LOW,0.0631,1
4265,0,LOW,0,LOW,0.4341,1
4786,0,LOW,1,HIGH,0.7109,0
2458,1,HIGH,1,HIGH,0.8505,1
563,1,HIGH,1,HIGH,0.6421,1
8453,0,LOW,1,HIGH,0.622,0
9174,1,HIGH,1,HIGH,0.8978,1
3909,1,HIGH,1,HIGH,0.685,1
2465,1,HIGH,1,HIGH,0.9007,1
4631,1,HIGH,1,HIGH,0.8595,1
1162,1,HIGH,1,HIGH,0.7763,1
5725,1,HIGH,1,HIGH,0.5461,1
3035,0,LOW,0,LOW,0.0177,1
7011,1,HIGH,1,HIGH,0.9268,1
7305,0,LOW,1,HIGH,0.9521,0
23,1,HIGH,1,HIGH,0.973,1
4807,1,HIGH,1,HIGH,0.8551,1
7589,1,HIGH,1,HIGH,0.66,1
3656,0,LOW,0,LOW,0.3684,1
7702,1,HIGH,1,HIGH,0.7236,1
1665,1,HIGH,1,HIGH,0.9691,1
1220,1,HIGH,1,HIGH,0.9598,1
483,0,LOW,1,HIGH,0.5972,0
2963,0,LOW,1,HIGH,0.5332,0
4541,1,HIGH,1,HIGH,0.6023,1
5944,1,HIGH,1,HIGH,0.5776,1
6057,1,HIGH,1,HIGH,0.6396,1
6631,1,HIGH,1,HIGH,0.7941,1
3869,0,LOW,0,LOW,0.0742,1
1783,1,HIGH,1,HIGH,0.5441,1
1383,1,HIGH,0,LOW,0.1578,0
7476,1,HIGH,1,HIGH,0.7505,1
4789,0,LOW,0,LOW,0.4808,1
9443,0,LOW,0,LOW,0.0321,1
7375,1,HIGH,0,LOW,0.4302,0
3798,1,HIGH,1,HIGH,0.5136,1
586,0,LOW,0,LOW,0.0075,1
6466,0,LOW,1,HIGH,0.7856,0
592,1,HIGH,1,HIGH,0.8958,1
6187,0,LOW,1,HIGH,0.6871,0
9478,0,LOW,0,LOW,0.3743,1
8736,0,LOW,0,LOW,0.0564,1
5466,1,HIGH,1,HIGH,0.7909,1
2592,1,HIGH,1,HIGH,0.7139,1
5286,1,HIGH,1,HIGH,0.9126,1
7187,0,LOW,1,HIGH,0.7998,0
2373,0,LOW,1,HIGH,0.6338,0
7139,0,LOW,1,HIGH,0.7276,0
4817,0,LOW,1,HIGH,0.5245,0
1623,1,HIGH,1,HIGH,0.616,1
1472,1,HIGH,1,HIGH,0.5477,1
952,1,HIGH,1,HIGH,0.8726,1
7169,0,LOW,0,LOW,0.0168,1
8300,1,HIGH,1,HIGH,0.9012,1
5121,1,HIGH,1,HIGH,0.7463,1
3826,1,HIGH,1,HIGH,0.675,1
8583,1,HIGH,1,HIGH,0.9008,1
5632,1,HIGH,1,HIGH,0.9821,1
7498,1,HIGH,1,HIGH,0.9265,1
3949,1,HIGH,1,HIGH,0.8971,1
7261,0,LOW,1,HIGH,0.7141,0
6680,0,LOW,0,LOW,0.0389,1
6558,0,LOW,0,LOW,0.046,1
9103,0,LOW,0,LOW,0.2567,1
6823,1,HIGH,1,HIGH,0.9306,1
8015,0,LOW,0,LOW,0.2145,1
265,1,HIGH,1,HIGH,0.6536,1
4067,0,LOW,0,LOW,0.0481,1
8448,1,HIGH,1,HIGH,0.6491,1
7362,0,LOW,0,LOW,0.1481,1
6400,0,LOW,1,HIGH,0.6126,0
9237,0,LOW,0,LOW,0.0168,1
590,0,LOW,0,LOW,0.3355,1
7749,0,LOW,0,LOW,0.0102,1
5506,1,HIGH,0,LOW,0.3351,0
6601,0,LOW,0,LOW,0.3027,1
1688,1,HIGH,1,HIGH,0.7007,1
1087,0,LOW,0,LOW,0.3512,1
286,1,HIGH,1,HIGH,0.7845,1
7405,0,LOW,0,LOW,0.4408,1
1339,0,LOW,0,LOW,0.0509,1
8331,0,LOW,0,LOW,0.1368,1
647,1,HIGH,1,HIGH,0.9525,1
169,1,HIGH,1,HIGH,0.8338,1
267,0,LOW,0,LOW,0.3499,1
2913,1,HIGH,1,HIGH,0.5991,1
9243,0,LOW,0,LOW,0.2789,1
8012,1,HIGH,0,LOW,0.4218,0
3095,0,LOW,0,LOW,0.0447,1
315,0,LOW,1,HIGH,0.8633,0
6091,0,LOW,0,LOW,0.3629,1
7632,0,LOW,0,LOW,0.0181,1
4509,0,LOW,0,LOW,0.0619,1
245,0,LOW,0,LOW,0.4746,1
2275,0,LOW,1,HIGH,0.707,0
8688,0,LOW,1,HIGH,0.7649,0
1617,1,HIGH,1,HIGH,0.9698,1
8419,1,HIGH,1,HIGH,0.5728,1
50,0,LOW,1,HIGH,0.5798,0
8682,1,HIGH,1,HIGH,0.9791,1
9310,0,LOW,1,HIGH,0.588,0
2826,0,LOW,0,LOW,0.179,1
3098,1,HIGH,1,HIGH,0.5652,1
4913,1,HIGH,1,HIGH,0.6146,1
360,1,HIGH,1,HIGH,0.89,1
8687,0,LOW,1,HIGH,0.7684,0
6650,0,LOW,0,LOW,0.1338,1
5303,1,HIGH,0,LOW,0.3832,0
3680,1,HIGH,1,HIGH,0.8492,1
3467,1,HIGH,0,LOW,0.496,0
7607,1,HIGH,1,HIGH,0.6612,1
7677,1,HIGH,1,HIGH,0.7844,1
7899,1,HIGH,1,HIGH,0.8134,1
4127,1,HIGH,1,HIGH,0.8104,1
7497,1,HIGH,1,HIGH,0.6623,1
9231,0,LOW,0,LOW,0.2039,1
3846,0,LOW,0,LOW,0.0583,1
3912,0,LOW,1,HIGH,0.7523,0
7787,0,LOW,0,LOW,0.1388,1
1310,1,HIGH,1,HIGH,0.6963,1
4055,0,LOW,0,LOW,0.3166,1
2718,1,HIGH,0,LOW,0.2608,0
6029,0,LOW,0,LOW,0.1635,1
6906,0,LOW,0,LOW,0.0094,1
3980,1,HIGH,1,HIGH,0.602,1
1217,0,LOW,0,LOW,0.0198,1
6364,0,LOW,0,LOW,0.0086,1
9417,1,HIGH,1,HIGH,0.7982,1
447,0,LOW,0,LOW,0.0265,1
2129,0,LOW,0,LOW,0.0798,1
5660,1,HIGH,0,LOW,0.4356,0
1199,1,HIGH,0,LOW,0.1202,0
4718,0,LOW,0,LOW,0.1552,1
1718,0,LOW,0,LOW,0.2496,1
3314,0,LOW,1,HIGH,0.6299,0
9494,0,LOW,0,LOW,0.1255,1
6071,1,HIGH,1,HIGH,0.9033,1
8336,0,LOW,1,HIGH,0.51,0
2252,0,LOW,0,LOW,0.0193,1
582,1,HIGH,1,HIGH,0.9642,1
5396,1,HIGH,1,HIGH,0.9721,1
7583,1,HIGH,1,HIGH,0.9124,1
47,0,LOW,0,LOW,0.2976,1
2515,1,HIGH,1,HIGH,0.9767,1
856,1,HIGH,1,HIGH,0.8879,1
318,1,HIGH,1,HIGH,0.7462,1
2002,0,LOW,0,LOW,0.3079,1
1745,1,HIGH,1,HIGH,0.6077,1
5628,0,LOW,0,LOW,0.3566,1
5904,0,LOW,1,HIGH,0.5683,0
4720,1,HIGH,1,HIGH,0.7377,1
4165,0,LOW,0,LOW,0.1824,1
3653,0,LOW,0,LOW,0.3724,1
5857,0,LOW,0,LOW,0.2562,1
3910,1,HIGH,1,HIGH,0.9244,1
3473,0,LOW,0,LOW,0.186,1
1277,1,HIGH,1,HIGH,0.9814,1
4074,1,HIGH,1,HIGH,0.6918,1
764,1,HIGH,1,HIGH,0.8615,1
5817,1,HIGH,1,HIGH,0.8561,1
6237,0,LOW,0,LOW,0.0663,1
7976,0,LOW,1,HIGH,0.5927,0
4639,1,HIGH,1,HIGH,0.9822,1
4518,0,LOW,0,LOW,0.0093,1
9388,0,LOW,0,LOW,0.1223,1
6146,0,LOW,0,LOW,0.0375,1
9393,0,LOW,0,LOW,0.0188,1
9168,1,HIGH,1,HIGH,0.9653,1
8104,0,LOW,0,LOW,0.1407,1
3187,0,LOW,0,LOW,0.4156,1
274,1,HIGH,1,HIGH,0.8189,1
8774,1,HIGH,1,HIGH,0.6284,1
3745,0,LOW,0,LOW,0.2279,1
2214,0,LOW,1,HIGH,0.5107,0
9035,0,LOW,0,LOW,0.4393,1
2982,0,LOW,0,LOW,0.1444,1
7742,1,HIGH,1,HIGH,0.8097,1
1426,1,HIGH,0,LOW,0.2835,0
119,0,LOW,0,LOW,0.0065,1
6361,0,LOW,0,LOW,0.067,1
3370,1,HIGH,1,HIGH,0.5784,1
2663,0,LOW,0,LOW,0.4063,1
3413,0,LOW,0,LOW,0.019,1
5551,1,HIGH,1,HIGH,0.9053,1
1346,1,HIGH,0,LOW,0.3897,0
9286,0,LOW,0,LOW,0.0093,1
1672,0,LOW,0,LOW,0.0821,1
1527,1,HIGH,1,HIGH,0.7734,1
7143,1,HIGH,1,HIGH,0.6988,1
5046,0,LOW,0,LOW,0.0112,1
3031,0,LOW,0,LOW,0.2936,1
6567,0,LOW,0,LOW,0.4761,1
6564,0,LOW,0,LOW,0.0153,1
8470,1,HIGH,1,HIGH,0.9781,1
1618,0,LOW,0,LOW,0.1401,1
543,0,LOW,0,LOW,0.4476,1
2111,1,HIGH,1,HIGH,0.7532,1
8790,1,HIGH,1,HIGH,0.9742,1
8211,1,HIGH,1,HIGH,0.8761,1
474,1,HIGH,0,LOW,0.4465,0
932,0,LOW,0,LOW,0.2713,1
5040,0,LOW,0,LOW,0.021,1
3892,1,HIGH,1,HIGH,0.6306,1
3316,0,LOW,0,LOW,0.3515,1
4661,0,LOW,1,HIGH,0.8103,0
3254,1,HIGH,0,LOW,0.4694,0
6920,1,HIGH,1,HIGH,0.6494,1
4193,0,LOW,0,LOW,0.0178,1
8598,0,LOW,0,LOW,0.3471,1
6444,0,LOW,0,LOW,0.0136,1
2910,1,HIGH,1,HIGH,0.6987,1
6033,0,LOW,1,HIGH,0.5069,0
5426,1,HIGH,0,LOW,0.4534,0
789,1,HIGH,1,HIGH,0.9371,1
5114,1,HIGH,1,HIGH,0.8033,1
1482,1,HIGH,1,HIGH,0.8765,1
6658,1,HIGH,1,HIGH,0.8613,1
782,1,HIGH,1,HIGH,0.8026,1
4248,1,HIGH,0,LOW,0.4029,0
4333,0,LOW,1,HIGH,0.6774,0
7739,0,LOW,0,LOW,0.3957,1
8138,0,LOW,0,LOW,0.2327,1
6386,1,HIGH,0,LOW,0.1995,0
5616,1,HIGH,0,LOW,0.1469,0
76,1,HIGH,1,HIGH,0.9963,1
3777,0,LOW,0,LOW,0.24,1
8981,0,LOW,1,HIGH,0.6775,0
1285,1,HIGH,1,HIGH,0.5461,1
6249,0,LOW,0,LOW,0.1976,1
3455,1,HIGH,1,HIGH,0.7487,1
5092,0,LOW,0,LOW,0.0891,1
5918,1,HIGH,0,LOW,0.2477,0
9599,0,LOW,0,LOW,0.0092,1
7044,0,LOW,0,LOW,0.4829,1
5712,1,HIGH,1,HIGH,0.6449,1
6109,0,LOW,0,LOW,0.4461,1
7348,1,HIGH,1,HIGH,0.7779,1
4614,1,HIGH,1,HIGH,0.8308,1
6170,1,HIGH,1,HIGH,0.7528,1
7864,1,HIGH,0,LOW,0.3847,0
2650,1,HIGH,0,LOW,0.3034,0
8035,0,LOW,0,LOW,0.1223,1
795,0,LOW,0,LOW,0.0769,1
5331,0,LOW,1,HIGH,0.5447,0
1147,1,HIGH,1,HIGH,0.7588,1
9484,1,HIGH,1,HIGH,0.7874,1
1018,0,LOW,0,LOW,0.0623,1
4625,1,HIGH,1,HIGH,0.61,1
5290,1,HIGH,1,HIGH,0.7129,1
4686,1,HIGH,1,HIGH,0.9754,1
3410,0,LOW,0,LOW,0.0628,1
1261,0,LOW,0,LOW,0.3177,1
8859,0,LOW,0,LOW,0.3328,1
8112,0,LOW,0,LOW,0.0258,1
6358,0,LOW,0,LOW,0.0552,1
6673,0,LOW,1,HIGH,0.5182,0
93,0,LOW,0,LOW,0.0257,1
2453,0,LOW,0,LOW,0.4635,1
7359,1,HIGH,1,HIGH,0.8236,1
2771,1,HIGH,0,LOW,0.3458,0
1513,0,LOW,0,LOW,0.2701,1
3128,0,LOW,0,LOW,0.2606,1
794,1,HIGH,1,HIGH,0.6993,1
7841,0,LOW,1,HIGH,0.5866,0
3609,0,LOW,0,LOW,0.0186,1
6876,1,HIGH,1,HIGH,0.7396,1
8125,0,LOW,1,HIGH,0.7333,0
761,0,LOW,1,HIGH,0.6136,0
4924,1,HIGH,1,HIGH,0.9702,1
2680,0,LOW,0,LOW,0.0609,1
4856,0,LOW,0,LOW,0.0368,1
9350,1,HIGH,1,HIGH,0.9125,1
7812,1,HIGH,1,HIGH,0.7118,1
4929,0,LOW,0,LOW,0.3768,1
1918,1,HIGH,1,HIGH,0.7018,1
7234,0,LOW,0,LOW,0.3382,1
2254,0,LOW,1,HIGH,0.9054,0
9561,1,HIGH,1,HIGH,0.7077,1
6005,0,LOW,0,LOW,0.3132,1
2957,0,LOW,0,LOW,0.0168,1
4723,0,LOW,1,HIGH,0.8128,0
2248,0,LOW,0,LOW,0.3545,1
7622,1,HIGH,1,HIGH,0.808,1
8410,1,HIGH,0,LOW,0.1264,0
5711,0,LOW,0,LOW,0.2858,1
2348,0,LOW,1,HIGH,0.5144,0
2107,1,HIGH,1,HIGH,0.7374,1
1578,1,HIGH,0,LOW,0.3451,0
4484,0,LOW,1,HIGH,0.5771,0
1684,0,LOW,1,HIGH,0.5641,0
2602,1,HIGH,1,HIGH,0.5264,1
6543,1,HIGH,1,HIGH,0.8514,1
107,0,LOW,0,LOW,0.0228,1
7707,0,LOW,0,LOW,0.3223,1
1071,1,HIGH,1,HIGH,0.9698,1
8561,1,HIGH,1,HIGH,0.5267,1
7972,1,HIGH,1,HIGH,0.7161,1
7071,1,HIGH,1,HIGH,0.6542,1
4907,0,LOW,0,LOW,0.0116,1
637,1,HIGH,1,HIGH,0.5142,1
4641,1,HIGH,1,HIGH,0.8913,1
8455,0,LOW,0,LOW,0.0557,1
9298,1,HIGH,0,LOW,0.4435,0
5245,1,HIGH,0,LOW,0.2631,0
6505,1,HIGH,1,HIGH,0.932,1
6594,1,HIGH,0,LOW,0.2928,0
1775,0,LOW,0,LOW,0.3452,1
9352,0,LOW,0,LOW,0.0455,1
33,0,LOW,1,HIGH,0.5509,0
4881,0,LOW,0,LOW,0.1476,1
3885,1,HIGH,0,LOW,0.4686,0
1794,0,LOW,0,LOW,0.0656,1
8938,1,HIGH,1,HIGH,0.5927,1
330,1,HIGH,1,HIGH,0.791,1
7919,1,HIGH,1,HIGH,0.9597,1
6794,1,HIGH,0,LOW,0.267,0
8254,1,HIGH,1,HIGH,0.5378,1
333,0,LOW,1,HIGH,0.7799,0
8907,1,HIGH,1,HIGH,0.5896,1
1543,1,HIGH,0,LOW,0.2929,0
6308,1,HIGH,1,HIGH,0.9073,1
8495,1,HIGH,1,HIGH,0.5641,1
6156,1,HIGH,0,LOW,0.44,0
7300,0,LOW,0,LOW,0.0518,1
9025,1,HIGH,1,HIGH,0.519,1
5307,0,LOW,0,LOW,0.2012,1
4843,1,HIGH,1,HIGH,0.9367,1
3615,1,HIGH,1,HIGH,0.8744,1
603,0,LOW,0,LOW,0.0559,1
500,0,LOW,0,LOW,0.051,1
7480,1,HIGH,1,HIGH,0.722,1
4756,1,HIGH,1,HIGH,0.7506,1
3060,1,HIGH,1,HIGH,0.623,1
1123,0,LOW,1,HIGH,0.5632,0
95,0,LOW,0,LOW,0.3437,1
4829,1,HIGH,1,HIGH,0.5516,1
5504,1,HIGH,1,HIGH,0.899,1
7963,1,HIGH,1,HIGH,0.6386,1
2128,1,HIGH,1,HIGH,0.8953,1
248,1,HIGH,1,HIGH,0.536,1
6310,0,LOW,1,HIGH,0.5582,0
7767,0,LOW,0,LOW,0.0277,1
1068,1,HIGH,1,HIGH,0.7919,1
9442,0,LOW,0,LOW,0.0573,1
1683,1,HIGH,0,LOW,0.1824,0
2840,0,LOW,0,LOW,0.0254,1
3434,0,LOW,1,HIGH,0.8898,0
1142,1,HIGH,0,LOW,0.1832,0
3118,0,LOW,0,LOW,0.1982,1
5014,0,LOW,0,LOW,0.0386,1
2473,0,LOW,0,LOW,0.057,1
2683,1,HIGH,1,HIGH,0.9335,1
5753,1,HIGH,1,HIGH,0.9445,1
2228,0,LOW,1,HIGH,0.5949,0
4376,0,LOW,0,LOW,0.2063,1
7762,0,LOW,0,LOW,0.4712,1
2124,0,LOW,0,LOW,0.2651,1
4766,1,HIGH,1,HIGH,0.9765,1
4226,1,HIGH,0,LOW,0.4261,0
5888,1,HIGH,1,HIGH,0.9014,1
2724,1,HIGH,1,HIGH,0.7655,1
3023,0,LOW,1,HIGH,0.6406,0
1642,1,HIGH,0,LOW,0.4172,0
4918,1,HIGH,1,HIGH,0.9173,1
6211,1,HIGH,1,HIGH,0.9861,1
2221,1,HIGH,1,HIGH,0.5897,1
4516,1,HIGH,1,HIGH,0.8411,1
9512,0,LOW,0,LOW,0.2556,1
6077,0,LOW,0,LOW,0.0449,1
144,1,HIGH,1,HIGH,0.9113,1
9479,0,LOW,0,LOW,0.1461,1
19,1,HIGH,1,HIGH,0.7545,1
1530,0,LOW,0,LOW,0.0602,1
958,0,LOW,1,HIGH,0.6309,0
7510,1,HIGH,1,HIGH,0.9669,1
6607,0,LOW,0,LOW,0.062,1
8320,1,HIGH,0,LOW,0.1517,0
1569,1,HIGH,1,HIGH,0.5343,1
7882,1,HIGH,1,HIGH,0.9548,1
4246,0,LOW,0,LOW,0.3293,1
7862,0,LOW,0,LOW,0.288,1
4239,1,HIGH,1,HIGH,0.5335,1
6958,1,HIGH,1,HIGH,0.629,1
3057,1,HIGH,0,LOW,0.3451,0
1616,0,LOW,0,LOW,0.0076,1
6621,1,HIGH,0,LOW,0.1206,0
4562,0,LOW,0,LOW,0.0245,1
5981,1,HIGH,1,HIGH,0.8693,1
7820,0,LOW,0,LOW,0.0091,1
2907,0,LOW,0,LOW,0.0605,1
9044,1,HIGH,1,HIGH,0.5982,1
381,0,LOW,0,LOW,0.0166,1
6761,1,HIGH,1,HIGH,0.9238,1
4028,0,LOW,1,HIGH,0.566,0
7942,0,LOW,0,LOW,0.0853,1
2960,1,HIGH,1,HIGH,0.9366,1
108,1,HIGH,1,HIGH,0.9755,1
9188,1,HIGH,1,HIGH,0.8459,1
3002,1,HIGH,1,HIGH,0.5852,1
2906,1,HIGH,1,HIGH,0.9355,1
7902,1,HIGH,1,HIGH,0.7877,1
5550,0,LOW,0,LOW,0.2836,1
2392,0,LOW,0,LOW,0.0744,1
1785,1,HIGH,1,HIGH,0.7219,1
5517,1,HIGH,0,LOW,0.4329,0
1183,1,HIGH,1,HIGH,0.6721,1
7685,1,HIGH,1,HIGH,0.9506,1
388,0,LOW,1,HIGH,0.5144,0
8298,0,LOW,0,LOW,0.164,1
5440,1,HIGH,1,HIGH,0.7576,1
7625,0,LOW,0,LOW,0.0401,1
9181,1,HIGH,1,HIGH,0.5141,1
620,1,HIGH,1,HIGH,0.9034,1
6706,0,LOW,0,LOW,0.1281,1
1328,1,HIGH,1,HIGH,0.9074,1
2167,1,HIGH,1,HIGH,0.929,1
2029,0,LOW,0,LOW,0.1967,1
7740,1,HIGH,1,HIGH,0.877,1
7028,1,HIGH,0,LOW,0.3391,0
2183,1,HIGH,1,HIGH,0.6329,1
9363,1,HIGH,1,HIGH,0.7155,1
3352,0,LOW,0,LOW,0.344,1
8003,1,HIGH,1,HIGH,0.8075,1
1965,1,HIGH,1,HIGH,0.6371,1
4447,0,LOW,1,HIGH,0.5106,0
2232,0,LOW,1,HIGH,0.5475,0
743,0,LOW,1,HIGH,0.6928,0
222,1,HIGH,1,HIGH,0.5873,1
7582,1,HIGH,1,HIGH,0.9579,1
3933,0,LOW,0,LOW,0.2861,1
9346,0,LOW,0,LOW,0.387,1
7204,0,LOW,1,HIGH,0.7874,0
3837,1,HIGH,1,HIGH,0.6957,1
8151,0,LOW,1,HIGH,0.6165,0
4502,1,HIGH,0,LOW,0.0915,0
2109,0,LOW,1,HIGH,0.7629,0
4983,1,HIGH,1,HIGH,0.9474,1
6926,0,LOW,1,HIGH,0.9475,0
6309,1,HIGH,0,LOW,0.274,0
7515,1,HIGH,1,HIGH,0.7873,1
9341,1,HIGH,1,HIGH,0.954,1
2664,1,HIGH,1,HIGH,0.8691,1
4284,1,HIGH,1,HIGH,0.778,1
353,1,HIGH,1,HIGH,0.7568,1
1247,1,HIGH,1,HIGH,0.8576,1
3666,1,HIGH,1,HIGH,0.8795,1
6167,0,LOW,0,LOW,0.1757,1
5697,1,HIGH,1,HIGH,0.5429,1
4808,1,HIGH,1,HIGH,0.7511,1
2213,1,HIGH,1,HIGH,0.7641,1
5869,0,LOW,0,LOW,0.185,1
4382,1,HIGH,1,HIGH,0.8353,1
5605,0,LOW,0,LOW,0.01,1
9525,0,LOW,1,HIGH,0.8024,0
7795,1,HIGH,0,LOW,0.4122,0
1373,0,LOW,0,LOW,0.0752,1
8532,0,LOW,0,LOW,0.2516,1
92,1,HIGH,1,HIGH,0.5488,1
6452,1,HIGH,1,HIGH,0.6097,1
7257,1,HIGH,1,HIGH,0.9758,1
5931,1,HIGH,1,HIGH,0.9607,1
4936,0,LOW,1,HIGH,0.7363,0
8351,1,HIGH,0,LOW,0.326,0
9004,1,HIGH,1,HIGH,0.7859,1
6648,1,HIGH,1,HIGH,0.8153,1
5019,1,HIGH,0,LOW,0.454,0
3621,0,LOW,0,LOW,0.3998,1
1111,1,HIGH,1,HIGH,0.7062,1
7750,0,LOW,1,HIGH,0.6785,0
8984,0,LOW,0,LOW,0.2919,1
3206,1,HIGH,1,HIGH,0.9221,1
5739,1,HIGH,1,HIGH,0.7762,1
4250,0,LOW,0,LOW,0.0159,1
9458,1,HIGH,1,HIGH,0.9793,1
8972,1,HIGH,0,LOW,0.4804,0
4374,0,LOW,0,LOW,0.0355,1
8592,0,LOW,0,LOW,0.0985,1
5646,1,HIGH,1,HIGH,0.8363,1
5758,1,HIGH,0,LOW,0.4527,0
4618,0,LOW,1,HIGH,0.522,0
4366,0,LOW,0,LOW,0.3176,1
7932,0,LOW,0,LOW,0.0131,1
7542,1,HIGH,1,HIGH,0.6814,1
10,0,LOW,1,HIGH,0.5362,0
3143,1,HIGH,1,HIGH,0.7377,1
8853,0,LOW,0,LOW,0.0188,1
7248,1,HIGH,1,HIGH,0.7375,1
4071,0,LOW,1,HIGH,0.6708,0
7635,1,HIGH,1,HIGH,0.8784,1
4974,0,LOW,1,HIGH,0.8247,0
2018,1,HIGH,1,HIGH,0.8533,1
8724,1,HIGH,1,HIGH,0.9503,1
7822,1,HIGH,1,HIGH,0.8642,1
7210,0,LOW,0,LOW,0.0364,1
4189,0,LOW,0,LOW,0.2022,1
9486,0,LOW,0,LOW,0.1431,1
1671,1,HIGH,0,LOW,0.2032,0
5473,0,LOW,0,LOW,0.4776,1
8179,0,LOW,0,LOW,0.0629,1
4779,0,LOW,0,LOW,0.2146,1
2885,1,HIGH,1,HIGH,0.5513,1
2417,0,LOW,0,LOW,0.2243,1
5379,1,HIGH,1,HIGH,0.6757,1
7866,1,HIGH,1,HIGH,0.5575,1
3438,0,LOW,1,HIGH,0.8212,0
7782,0,LOW,0,LOW,0.2546,1
2588,0,LOW,0,LOW,0.1474,1
5006,1,HIGH,1,HIGH,0.9417,1
9585,0,LOW,1,HIGH,0.6952,0
7609,0,LOW,1,HIGH,0.5732,0
6464,1,HIGH,0,LOW,0.3271,0
3126,0,LOW,1,HIGH,0.957,0
6351,1,HIGH,1,HIGH,0.8068,1
4147,1,HIGH,1,HIGH,0.9364,1
4463,1,HIGH,1,HIGH,0.8372,1
1020,1,HIGH,1,HIGH,0.5268,1
4747,0,LOW,1,HIGH,0.5053,0
8558,0,LOW,1,HIGH,0.8249,0
747,0,LOW,1,HIGH,0.7587,0
9324,0,LOW,1,HIGH,0.9081,0
2726,1,HIGH,1,HIGH,0.9104,1
7816,1,HIGH,1,HIGH,0.5559,1
8365,0,LOW,0,LOW,0.0174,1
5529,1,HIGH,1,HIGH,0.9281,1
2407,0,LOW,0,LOW,0.1874,1
8266,0,LOW,1,HIGH,0.5998,0
135,0,LOW,0,LOW,0.0129,1
9565,1,HIGH,0,LOW,0.3362,0
3166,0,LOW,0,LOW,0.0851,1
6380,0,LOW,0,LOW,0.2542,1
8602,1,HIGH,1,HIGH,0.7467,1
2168,1,HIGH,1,HIGH,0.8771,1
8364,0,LOW,0,LOW,0.0321,1
4696,1,HIGH,1,HIGH,0.9844,1
3872,1,HIGH,0,LOW,0.4769,0
5157,0,LOW,0,LOW,0.0558,1
6243,0,LOW,0,LOW,0.4077,1
7821,1,HIGH,1,HIGH,0.7409,1
2098,1,HIGH,1,HIGH,0.7734,1
2083,0,LOW,1,HIGH,0.609,0
763,0,LOW,1,HIGH,0.7722,0
7825,0,LOW,0,LOW,0.0227,1
8997,1,HIGH,1,HIGH,0.6798,1
9337,0,LOW,0,LOW,0.0349,1
1180,1,HIGH,1,HIGH,0.6304,1
5434,0,LOW,1,HIGH,0.5044,0
4483,0,LOW,0,LOW,0.0802,1
8969,0,LOW,1,HIGH,0.8053,0
5554,1,HIGH,1,HIGH,0.7011,1
7093,1,HIGH,1,HIGH,0.8328,1
8918,0,LOW,1,HIGH,0.5688,0
7349,1,HIGH,1,HIGH,0.5603,1
7911,0,LOW,0,LOW,0.1252,1
6942,1,HIGH,1,HIGH,0.5997,1
5756,0,LOW,1,HIGH,0.6772,0
4050,1,HIGH,1,HIGH,0.9518,1
6846,1,HIGH,0,LOW,0.3776,0
8116,1,HIGH,1,HIGH,0.8702,1
3307,0,LOW,0,LOW,0.2899,1
708,1,HIGH,0,LOW,0.2559,0
3902,0,LOW,0,LOW,0.3017,1
1446,0,LOW,0,LOW,0.0911,1
509,1,HIGH,1,HIGH,0.6874,1
4955,1,HIGH,1,HIGH,0.8919,1
6878,0,LOW,0,LOW,0.04,1
8715,1,HIGH,0,LOW,0.4899,0
6419,1,HIGH,1,HIGH,0.8329,1
1840,1,HIGH,0,LOW,0.0188,0
7925,0,LOW,0,LOW,0.0572,1
9116,0,LOW,0,LOW,0.0415,1
103,0,LOW,0,LOW,0.0267,1
3720,1,HIGH,1,HIGH,0.9822,1
6912,0,LOW,0,LOW,0.0961,1
6092,0,LOW,0,LOW,0.0516,1
3209,0,LOW,0,LOW,0.3049,1
8103,0,LOW,1,HIGH,0.7068,0
8734,1,HIGH,1,HIGH,0.7455,1
1046,1,HIGH,1,HIGH,0.9183,1
6405,0,LOW,0,LOW,0.0509,1
711,0,LOW,0,LOW,0.0126,1
9462,0,LOW,0,LOW,0.4241,1
6977,1,HIGH,1,HIGH,0.8572,1
2874,0,LOW,0,LOW,0.0578,1
8149,0,LOW,1,HIGH,0.5527,0
6393,0,LOW,1,HIGH,0.7797,0
1941,1,HIGH,1,HIGH,0.9752,1
3891,0,LOW,1,HIGH,0.7711,0
2175,1,HIGH,1,HIGH,0.8927,1
712,0,LOW,0,LOW,0.4856,1
1888,0,LOW,0,LOW,0.4146,1
4245,1,HIGH,1,HIGH,0.8647,1
6739,0,LOW,1,HIGH,0.9032,0
5153,1,HIGH,1,HIGH,0.6942,1
1730,1,HIGH,0,LOW,0.4313,0
7304,1,HIGH,1,HIGH,0.6549,1
3677,1,HIGH,1,HIGH,0.9019,1
8582,1,HIGH,1,HIGH,0.5586,1
3624,0,LOW,1,HIGH,0.6866,0
5419,0,LOW,0,LOW,0.0728,1
1791,0,LOW,1,HIGH,0.8653,0
2883,0,LOW,0,LOW,0.2658,1
5067,1,HIGH,1,HIGH,0.802,1
9092,0,LOW,0,LOW,0.403,1
2094,1,HIGH,1,HIGH,0.67,1
4466,0,LOW,0,LOW,0.0214,1
8087,1,HIGH,1,HIGH,0.879,1
4111,1,HIGH,1,HIGH,0.6573,1
8444,1,HIGH,1,HIGH,0.9367,1
4001,0,LOW,0,LOW,0.0087,1
7656,0,LOW,1,HIGH,0.5132,0
5338,1,HIGH,0,LOW,0.3917,0
3772,1,HIGH,0,LOW,0.3954,0
4938,0,LOW,1,HIGH,0.6759,0
212,0,LOW,0,LOW,0.4605,1
5916,0,LOW,1,HIGH,0.5349,0
5707,0,LOW,0,LOW,0.494,1
5026,0,LOW,0,LOW,0.2413,1
323,1,HIGH,1,HIGH,0.6943,1
6708,0,LOW,1,HIGH,0.6548,0
6695,1,HIGH,0,LOW,0.4338,0
1470,1,HIGH,1,HIGH,0.5043,1
4685,1,HIGH,0,LOW,0.1855,0
4030,1,HIGH,1,HIGH,0.7695,1
7839,0,LOW,1,HIGH,0.7131,0
2122,1,HIGH,1,HIGH,0.7661,1
3181,0,LOW,0,LOW,0.0973,1
5721,1,HIGH,1,HIGH,0.9668,1
3995,1,HIGH,0,LOW,0.484,0
7600,0,LOW,0,LOW,0.3846,1
4341,0,LOW,0,LOW,0.3571,1
7799,0,LOW,1,HIGH,0.6525,0
4262,0,LOW,1,HIGH,0.8095,0
6108,0,LOW,0,LOW,0.0809,1
2057,0,LOW,0,LOW,0.1623,1
8461,1,HIGH,1,HIGH,0.7161,1
8818,1,HIGH,1,HIGH,0.9109,1
6412,0,LOW,1,HIGH,0.512,0
9278,0,LOW,0,LOW,0.0561,1
8449,0,LOW,0,LOW,0.0142,1
1078,1,HIGH,1,HIGH,0.817,1
1726,0,LOW,0,LOW,0.0456,1
7991,1,HIGH,1,HIGH,0.8161,1
7226,1,HIGH,1,HIGH,0.9813,1
7628,0,LOW,0,LOW,0.2769,1
8344,1,HIGH,1,HIGH,0.7278,1
1393,1,HIGH,0,LOW,0.1938,0
700,0,LOW,1,HIGH,0.6627,0
2337,0,LOW,1,HIGH,0.6455,0
774,0,LOW,0,LOW,0.0395,1
1224,1,HIGH,1,HIGH,0.9678,1
8948,0,LOW,0,LOW,0.3911,1
871,1,HIGH,0,LOW,0.4956,0
906,1,HIGH,0,LOW,0.443,0
2833,1,HIGH,1,HIGH,0.9785,1
239,0,LOW,0,LOW,0.0429,1
6072,0,LOW,1,HIGH,0.8945,0
3418,1,HIGH,1,HIGH,0.5656,1
5324,1,HIGH,1,HIGH,0.7058,1
6163,1,HIGH,1,HIGH,0.9524,1
1919,1,HIGH,1,HIGH,0.8206,1
4113,0,LOW,0,LOW,0.2373,1
8961,0,LOW,0,LOW,0.2397,1
7094,1,HIGH,1,HIGH,0.8757,1
7445,0,LOW,0,LOW,0.2749,1
5272,0,LOW,0,LOW,0.0669,1
8224,0,LOW,0,LOW,0.067,1
408,0,LOW,1,HIGH,0.7295,0
5171,1,HIGH,1,HIGH,0.6702,1
4080,0,LOW,0,LOW,0.0981,1
